steam_developer,avg_owners,avg_positive
"10 Chambers",1345200.0000,76.0000
"11 bit studios",582450.0000,70.0000
"24 Entertainment",5926740.0000,65.0000
"343 Industries",1022280.0000,58.0000
"343 Industries Splash Damage Ruffian Games Bungie Saber Interactive",6985260.0000,85.0000
"Acute Owl Studio",67020.0000,96.0000
"AdHoc Studio",4716480.0000,95.0000
"Aesir Interactive",534060.0000,73.0000
"Aesir Interactive NightinGames",25470.0000,80.0000
"Aether Studios",186870.0000,70.0000
"Affray Interactive",352350.0000,82.0000
"Afterthought LLC",2948130.0000,79.0000
"Aggro Crab",474090.0000,90.0000
"Airship Syndicate",728730.0000,71.0000
"Alexandre Declos Pas Game Studio",40140.0000,92.0000
"All Possible Futures",73710.0000,76.0000
"Alvios Games",35640.0000,90.0000
"Amistech Games",3087720.0000,93.0000
"Anegar Games",1534380.0000,84.0000
"Another Axiom Inc",1422150.0000,93.0000
AnukenDev,659640.0000,94.0000
"Anvil Game Studios",746310.0000,91.0000
"Arc System Works",1490085.0000,89.0000
"Arcen Games",48570.0000,87.0000
ArenaNet,47205.0000,86.0000
"Arrowhead Game Studios",24235830.0000,70.0000
"Arsi Hakita Patala",5685450.0000,95.0000
"Ashborne Games",126270.0000,82.0000
"Asobo Studio",1288830.0000,70.0000
AstralShift,59010.0000,90.0000
ATLUS,1096800.0000,95.0000
"AutoAttack Games",364950.0000,82.0000
"Avalanche Software",7960320.0000,86.0000
"Avalanche Studios",1875495.0000,79.5000
"Bad Guitar Studio",48690.0000,78.0000
"Ballistic Moon",91470.0000,88.0000
"Bandai Namco Studios Inc",1186665.0000,79.7500
"BANDAI NAMCO Studios Inc Dimps Corporation",285870.0000,91.0000
"Barbedwire Studios Digitalmindsoft",864570.0000,86.0000
"Battlefield Studios",4078635.0000,35.5000
"Battlestate Games",1266210.0000,49.0000
"Bay 12 Games",858150.0000,93.0000
"Beam Team Games",1285350.0000,79.0000
BeamNG,10595940.0000,96.0000
"Beat Games",2077890.0000,92.0000
"Behaviour Interactive Inc",19412280.0000,79.0000
"Bend Studio",2376540.0000,91.0000
"Berserk Games",1415310.0000,95.0000
"Bethesda Game Studios",3658330.0000,74.1667
"Bethesda Game Studios Virtuos",1709490.0000,58.0000
"BG Productions",420720.0000,76.0000
"Big Distraction",82770.0000,83.0000
BioWare,963636.0000,73.0000
Bippinbits,483240.0000,91.0000
"Bit Egg Inc",23160.0000,96.0000
"Black Forest Games",65040.0000,80.0000
"Black Forest Games Pandemic Studios",263040.0000,88.0000
"Black Salt Games",1312770.0000,98.0000
"Black Tabby Games",487470.0000,96.0000
"BlackFoot Studios MicroProse Software",619650.0000,79.0000
"Blacklight Interactive Team17",1446600.0000,87.0000
"Blep Games",24960.0000,92.0000
"Blizzard Entertainment Inc",533790.0000,74.3333
Blobfish,3134130.0000,94.0000
"Bloober Team",189000.0000,84.0000
"Bloober Team SA",1152630.0000,92.0000
"Blue Mammoth Games",86880.0000,59.0000
"Blue Scarab Entertainment",26070.0000,80.0000
"BlueTwelve Studio",4495980.0000,96.0000
"Bohemia Interactive",6461160.0000,85.3333
"Bolt Blaster Games",345060.0000,85.0000
"Boneloaf Rocket Science",1546230.0000,90.0000
"Booming Tech",122850.0000,67.0000
"Boundless Dynamics LLC",576090.0000,98.0000
"Brigada Games",279630.0000,84.0000
Briganti,74130.0000,91.0000
Brimstone,120750.0000,95.0000
Broadsword,13620.0000,85.0000
Bugbear,517980.0000,77.0000
Bungie,2370690.0000,72.0000
"by Sam Eng",61110.0000,98.0000
"Bye Bye Ocean",26220.0000,90.0000
Cakez,11820.0000,89.0000
"Callback ln404",153360.0000,85.0000
"Campfire Games",385950.0000,95.0000
"CampFire Studio",428430.0000,79.0000
"Camshaft Software Ltd",471810.0000,96.0000
Capcom,1584890.0000,84.0000
"CAPCOM Co Ltd",2728298.5714,85.2143
"Captain Games",12960.0000,97.0000
"CarX Technologies LLC",1457760.0000,84.0000
CayPlay,260070.0000,96.0000
"CD PROJEKT RED",24671025.0000,94.5000
"Channel37 Ltd",269520.0000,78.0000
"Chief Rebel",430710.0000,74.0000
"Christoffer Bodegrd",81210.0000,96.0000
"Chromatic Games",223545.0000,81.0000
"ChudoYudo Games",8550.0000,71.0000
"CI Games",997260.0000,76.0000
"Clever Endeavour Games",1189350.0000,95.0000
"Clock Wizard Games",548790.0000,81.0000
"Clockwork Laboratories Inc",85380.0000,73.0000
Codemasters,854760.0000,86.0000
CodePeas,17460.0000,92.0000
"Coffee Stain North",376500.0000,97.0000
"Coffee Stain Studios",6650100.0000,96.0000
"Coldwood Interactive",206070.0000,79.0000
"Color Gray Games",185700.0000,89.0000
"Colossal Order",6450360.0000,87.0000
ConcernedApe,25384500.0000,98.0000
CookieDev,134970.0000,85.0000
"Core Engage",74730.0000,74.0000
"Cosmographic Software",421050.0000,96.0000
countlessnights,17310.0000,89.0000
"Crate Entertainment",1657800.0000,89.0000
"Crayon Kit",13890.0000,99.0000
"Crazy Rocks",699180.0000,95.0000
"CREATIVE ASSEMBLY Feral Interactive",2327115.0000,86.5000
"CREATIVE ASSEMBLY Feral Interactive Linux Feral Interactive Mac",974970.0000,88.0000
"CREATIVE ASSEMBLY Feral Interactive Mac Feral Interactive Linux",2631210.0000,90.0000
"Creepy Jar",1216545.0000,80.0000
"Crimson Dusk",29910.0000,89.0000
"Crimson Forge Studios",6930.0000,85.0000
"Criterion Games",1032045.0000,67.5000
"Cryptic Studios",18465.0000,71.0000
"Crystal Dynamics PlayEveryWare",11040.0000,97.0000
Crytek,6181020.0000,76.0000
"Curve Animation",1416750.0000,81.0000
"CyberConnect2 Co Ltd",1291290.0000,94.0000
"CyberLight Game Studio",522210.0000,88.0000
"Cybernetic Walrus",52170.0000,86.0000
"Cygames Inc",1130940.0000,92.0000
"D5 Copperhead",55410.0000,88.0000
"Daedalic Entertainment",70470.0000,87.0000
"Dambuster Studios",536220.0000,76.0000
"Daniel Mullins Games",3898650.0000,94.0000
"Dark Machine Games",234990.0000,94.0000
"Darkflow Software",7590.0000,80.0000
"DarkStone Digital",208380.0000,79.0000
"DCELL GAMES",136020.0000,95.0000
"Deck Nine",284430.0000,90.5000
"Deck Nine Games",207960.0000,68.0000
"Deep Field Games",1124670.0000,91.0000
"Demon Max",121470.0000,88.0000
"Devin Santi",5460.0000,98.0000
DICE,4909440.0000,72.2000
"Digital Extremes",86400.0000,90.0000
"Digital Sun",57330.0000,82.0000
"Dimensional Ink Games",6450.0000,75.0000
"Dire Wolf",89625.0000,62.0000
Dogubomb,450600.0000,82.0000
"Donkey Crew",520110.0000,82.0000
"DONTNOD Entertainment Feral Interactive Mac Feral Interactive Linux",660540.0000,90.0000
"Door 407",294120.0000,87.0000
"Dotemu Guard Crush Games Supamonks",236310.0000,85.0000
"DoubleMoose Games",118830.0000,79.0000
"Dovetail Games",303375.0000,82.5000
"DRAGO entertainment",697740.0000,91.0000
"Dreamsite Games",313740.0000,50.0000
"Drive Beyond Horizons",461970.0000,71.0000
"Drydock Dreams Games",12900.0000,91.0000
"EA Canada EA Romania",1400730.0000,48.0000
"EA Redwood Shores",669000.0000,89.0000
"Eagle Dynamics SA",20820.0000,82.0000
"Edmund McMillen Tyler Glaiel",1084560.0000,91.0000
eduweb,321060.0000,95.0000
"Eek Games LLC",415320.0000,69.0000
Egosoft,696720.0000,77.0000
"Eko Software",28230.0000,88.0000
"Elder Game LLC",119430.0000,89.0000
"Electronic Arts  Tiburon",59940.0000,73.0000
Electrovore,198870.0000,77.0000
"Embark Studios",7924500.0000,79.0000
Embers,14820.0000,82.0000
Empyrean,2710530.0000,93.0000
"Endnight Games Ltd",12418740.0000,93.5000
"Eugen Systems",399720.0000,81.0000
"Evil Tortilla Games",761130.0000,80.0000
"Excellent Rectangle",95760.0000,89.0000
"EXOR Studios",610830.0000,88.0000
"Exordium Games",9840.0000,81.0000
"Expansive Worlds",4886550.0000,90.0000
"Expression Games",2889510.0000,77.0000
"Facepunch Studios",32579325.0000,90.5000
"FakeFish Undertow Games",1733760.0000,94.0000
"Fallen Tree Games Ltd",209880.0000,85.0000
"Fancy Games Blackbird Interactive",3319590.0000,89.0000
"Far From Home",222450.0000,62.0000
Fatshark,2876430.0000,75.5000
"Firaxis Games",847140.0000,67.0000
"Firaxis Games Aspyr Mac Aspyr Linux",5946930.0000,91.5000
"Firefly Studios",270270.0000,94.0000
"Fishing Planet LLC",16500.0000,86.0000
Flashbulb,849630.0000,90.0000
"Flow Fire Games",84180.0000,76.0000
"Fluppisoft GmbH",1508400.0000,95.0000
"Flying Squirrel Entertainment",107160.0000,88.0000
FoamPunch,109050.0000,92.0000
"Foxy Voxel",470040.0000,80.0000
"FRAME BREAK",108420.0000,81.0000
"Francis Coulombe",312450.0000,98.0000
"Free Lives",96990.0000,88.0000
"Free Range Games",285180.0000,72.0000
"Freehold Games",339090.0000,90.0000
"FromSoftware Inc",7994620.0000,87.8333
"Frontier Developments",1327260.0000,84.0000
"Frozen District",437790.0000,89.0000
"Full Circle",7980.0000,50.0000
"Fun Dog Studios",593700.0000,42.0000
Funcom,1894110.0000,61.0000
"Funcom Inflexion Games",2261340.0000,81.0000
"Funday Games",1334400.0000,81.0000
FuturLab,882330.0000,93.0000
"Gabe Cuzzillo Maxi Boch Bennett Foddy",54600.0000,84.0000
"Gaijin Entertainment",58830.0000,76.0000
"Galaxy Grove",148380.0000,95.0000
"Gamatron AB",218700.0000,90.0000
"Game Science",26084400.0000,89.0000
Gameloft,632220.0000,91.0000
Gamepires,2865600.0000,75.0000
"Games Incubator",26850.0000,83.0000
"Games Incubator Hypnotic Ants",100740.0000,64.0000
"Games Of Tomorrow GmbH",205890.0000,78.0000
Gamexcite,91110.0000,78.0000
"Garage Monkeys",229200.0000,85.0000
"Gearbox Software",2685105.0000,63.5000
"Gearbox Software Aspyr Mac Aspyr Linux",6427800.0000,92.0000
"Genki Co Ltd",434160.0000,88.0000
Geometa,1563330.0000,92.0000
"GetColor Games",120690.0000,98.0000
"Ghost Games",3611790.0000,84.0000
"Ghost Ship Games",8896260.0000,94.0000
"Ghost Town Games Ltd Team17",1761690.0000,91.0000
"Giant Army",786930.0000,96.0000
"GIANTS Software",1493085.0000,93.5000
GigaPuff,25650.0000,94.0000
"Gius Caminiti",31620.0000,93.0000
"GONE Studios",62940.0000,92.0000
"Grimlore Games",452820.0000,77.0000
"Grinding Gear Games",2303190.0000,17.0000
"GrizzlyGames Mythwright",652200.0000,92.0000
"GSC Game World",2985990.0000,75.0000
Guerrilla,2855100.0000,83.0000
"Guerrilla Nixxes Software",559710.0000,84.0000
"Gunfire Games",1348560.0000,73.5000
"Gunfire Reborn Studio",2628060.0000,86.0000
"Gunmetal Games Real Fake Games",5250.0000,87.0000
"Haemimont Games",182775.0000,74.5000
"Half Sword Games",606120.0000,71.0000
Hamuno,50160.0000,96.0000
"Hangar 13",547410.0000,64.0000
"Hannah and Joseph Games",14580.0000,86.0000
"Hazelight Studios",3510390.0000,93.0000
"HB Studios",88380.0000,71.0000
"Hello Games",9054960.0000,89.0000
"Highwire Games",377460.0000,55.0000
"Hinterland Studio Inc",3154710.0000,84.0000
"Hopoo Games",6993540.0000,92.0000
"Horizon Hobby LLC",24390.0000,86.0000
"HypeTrain Digital",239850.0000,69.0000
Hypnohead,227370.0000,87.0000
"Iceflake Studios Colossal Order",1775370.0000,68.0000
"id Software",768270.0000,89.0000
"ILCA Inc",71850.0000,61.0000
"Indoor Astronaut",406140.0000,95.0000
"Infinity Ward",773430.0000,92.5000
"Infinity Ward Beenox High Moon Studios Raven Software",706680.0000,81.0000
"Infinity Ward Raven Software Beenox Treyarch High Moon Studios Sledgehammer Games Activision Shanghai Demonware Toys for Bob",293190.0000,24.0000
"Infinity Ward Sledgehammer Games",448530.0000,93.0000
Innersloth,19124010.0000,93.0000
"Insomniac Games Nixxes Software",1512760.0000,92.0000
"Interactive Wave Studio",14100.0000,83.0000
"inZOI Studio",803820.0000,74.0000
"IO Interactive AS",1539930.0000,89.0000
"iRacingcom Motorsport Simulations iRacing",149190.0000,80.0000
"iRacingcom Motorsport Simulations LLC",41550.0000,68.0000
"Iron Gate AB",13432830.0000,86.0000
"Ironclad Games Corporation Stardock Entertainment",199800.0000,77.0000
"Ironhide Game Studio",260950.0000,90.0000
"IronOak Games",358230.0000,73.0000
"Irrational Games Virtual Programming Linux",3244620.0000,88.0000
"Isolated Games",447540.0000,91.0000
"Italic Pig",57630.0000,93.0000
itamu,8280.0000,94.0000
"Its happening",526290.0000,90.0000
"Ivy Sly",1028820.0000,96.0000
"Jackbox Games Inc",76632.0000,89.4000
"Jagex Ltd",660840.0000,84.0000
"James Bendon",719940.0000,90.0000
"Jelle Booij",239460.0000,97.0000
JJJ,3990.0000,90.0000
"Jordan Mochi Catchweight Studio",51750.0000,86.0000
jrsjams,520290.0000,80.0000
KAFI,233040.0000,87.0000
"KAIKO Big Huge Games 38 Studios",179970.0000,89.0000
"Keen Games GmbH",2594160.0000,80.0000
"Keen Software House",1578975.0000,77.5000
"Keepsake Games",256050.0000,79.0000
"Kenny Sun and Friends",642450.0000,93.0000
"KillHouse Games",346170.0000,96.0000
"Kinetic Games",19884120.0000,93.0000
"Klei Entertainment",7400205.0000,92.5000
"Koei Tecmo",500550.0000,93.0000
"KOEI TECMO GAMES CO LTD",292550.0000,82.3333
"KOJIMA PRODUCTIONS",1317000.0000,89.0000
KONAMI,356868.7500,81.0000
"KovaaK Games",1063380.0000,96.0000
"Kumi Souls Games",123540.0000,92.0000
"Kunos Simulazioni",1754200.0000,73.3333
Landfall,1801430.0000,93.6667
"Larian Studios",13593465.0000,93.0000
Lavapotion,351570.0000,74.0000
"LEVEL5 Inc",342720.0000,86.0000
"Light Brick Studio",43710.0000,92.0000
"Limbic Entertainment Realmforge Studios",577380.0000,88.0000
"Lionhead Studios",419760.0000,89.0000
"Lizard Smoothie",416670.0000,91.0000
LocalThunk,4507380.0000,96.0000
"LoFi Games",2777370.0000,95.0000
"Lovely Hellplace",133740.0000,85.0000
"Lucy B Locks",38940.0000,95.0000
"Ludeon Studios",5982750.0000,97.0000
"LuGus Studios",373470.0000,96.0000
"Lumino Games",4770.0000,80.0000
"Lunar Software",158430.0000,91.0000
MachineGames,354990.0000,92.0000
"Maddy Makes Games Inc Extremely OK Games Ltd",3699330.0000,97.0000
"MADFINGER Games as",1759020.0000,78.0000
"MaFi Games",288330.0000,72.0000
"Mainframe Industries",201060.0000,69.0000
"Maison Bap",154890.0000,85.0000
"Maru VR",29160.0000,76.0000
"Massive Entertainment  A Ubisoft Studio Ubisoft Montpellier Ubisoft Shanghai Ubisoft Toronto Ubisoft Dsseldorf Ubisoft Reflections",356520.0000,80.0000
"Massive Monster",3129120.0000,97.0000
"Max Inferno",458610.0000,93.0000
"Maxim Karpenko",1409730.0000,96.0000
Maxis,1150387.5000,83.7500
Mechanistry,1031670.0000,96.0000
"MediaVision Inc",423390.0000,87.0000
"Mega Crit",3475890.0000,96.0000
"Mehuman Games",34830.0000,74.0000
mestiez,8644050.0000,97.0000
"Microwave Games",26100.0000,84.0000
"Miju Games",1866480.0000,96.0000
"Mike Klubnika",3006570.0000,93.0000
"Mind Control Games",195870.0000,91.0000
MINTROCKET,3912180.0000,94.0000
"Mirage Creative Lab",467700.0000,84.0000
"Mistwalker Corporation",13590.0000,72.0000
"Mob Entertainment",1119900.0000,93.0000
"Mobius Digital",2461950.0000,94.0000
"moi rai games",60000.0000,93.0000
"Mojang Studios Double Eleven",434940.0000,84.0000
"Monolith Productions",2557500.0000,88.0000
"Monomi Park",2617170.0000,94.5000
"Moon Studios GmbH",1772100.0000,86.0000
"Motion Twin",4556670.0000,94.0000
Motive,1196205.0000,71.0000
Mystrigger,20070.0000,96.0000
"Naughty Dog LLC Iron Galaxy Studios",1782330.0000,95.0000
"Naughty Dog LLC Nixxes Software Iron Galaxy Studios",861360.0000,90.0000
"NC FirstSpark Games",324900.0000,56.0000
"NeoBards Entertainment Ltd",485760.0000,78.0000
"neoludic games",172470.0000,95.0000
Neople,576960.0000,90.0000
NEOWIZ,1613640.0000,88.0000
"NetherRealm Studios QLOC",912060.0000,82.0000
"Netmarble Neo",174960.0000,70.0000
"New World Interactive",3071430.0000,78.0000
"Nicalis Inc Edmund McMillen",10468320.0000,95.0000
"Niklas Tomkowitz",29400.0000,82.0000
"Nine Rocks Games",243000.0000,84.0000
"Ninja Kiwi",10120650.0000,96.0000
"Nippon Ichi Software Inc Systemsoft beta Inc",5280.0000,94.0000
"No Brakes Games",5146380.0000,92.0000
"No Ceiling Games",229710.0000,71.0000
"Noble Muffins",1085520.0000,87.0000
Noisestorm,763980.0000,99.0000
"Nokta Games",2254290.0000,70.0000
"Noodle Cat Games",34170.0000,83.0000
"NoodleForge Gvarados  Diomonder",94140.0000,96.0000
"North Modding Company AB",106350.0000,74.0000
"NPC Studio",728640.0000,97.0000
"Nuggets Entertainment",1843230.0000,87.0000
"Obsidian Entertainment",2222512.5000,81.2500
"Obsidian Entertainment EidosMontral",514170.0000,83.0000
"Octofox Games",42750.0000,71.0000
Offworld,5184750.0000,79.0000
"Old B1ood",591720.0000,82.0000
"Omeda Studios",252330.0000,63.0000
"OMOCAT LLC",2316690.0000,95.0000
"OPNeon Games",1319520.0000,94.0000
"Order Of Meta",5040.0000,79.0000
"Original Fire Games iRacing",20850.0000,72.0000
"Overhype Studios",253500.0000,92.0000
"OVERKILL  a Starbreeze Studio",13281300.0000,91.0000
"Owlcat Games",878940.0000,92.0000
"Panik Arcade",621000.0000,91.0000
"Paradox Development Studio",4047667.5000,82.2500
"Paradox Tinto",654030.0000,45.0000
"Parallel 45 Games",133230.0000,78.0000
"Passtech Games",459300.0000,76.0000
"Pawsmonaut Games",19950.0000,95.0000
"Pearl Abyss",1844010.0000,65.0000
"Pebbledust Games",10650.0000,90.0000
"People Can Fly",1376880.0000,79.0000
"Perfect Random",217470.0000,80.0000
Petroglyph,1046730.0000,100.0000
PiBoSo,969750.0000,95.0000
"Pine Creek Games",67830.0000,94.0000
"Pine Studio",293115.0000,92.0000
"Piranha Games Inc",366060.0000,89.0000
"Pixel Sprout Studios",636180.0000,66.0000
"PlatinumGames Inc  Team NINJA  KOEI TECMO GAMES CO LTD",218880.0000,81.0000
"Platypus Entertainment",444690.0000,79.0000
"Playground Games",7362150.0000,89.0000
Pocketpair,10529430.0000,95.0000
"Polymorph Games",666600.0000,90.0000
poncle,7404180.0000,95.0000
PopCap,1232010.0000,85.0000
"PopCap Games Inc",4141830.0000,97.0000
"PopCap Games The Lost Pixels",167580.0000,77.0000
"Poti Poti Studio",206820.0000,96.0000
"Pounce Light",640350.0000,96.0000
"President Studio",828300.0000,98.0000
ProjectMoon,1431990.0000,95.0000
"Prophecy Games",371910.0000,86.0000
"Proxy Studios",235350.0000,78.0000
"PUBG Corporation",52726470.0000,74.0000
Pugstorm,1421610.0000,91.0000
"Purple Lamp",30645.0000,93.5000
"QLOC Dimps Corporation",1255140.0000,90.0000
"QLOC FromSoftware Inc",2838390.0000,92.0000
"Quantic Dream",5989860.0000,97.0000
Questline,807000.0000,83.0000
"Rainbow Studios",108420.0000,89.0000
"Ramjet Studios",254580.0000,86.0000
"Rare Ltd",9505830.0000,79.0000
"Raven Software Beenox",375990.0000,75.0000
RavenJm,14850.0000,85.0000
Rebellion,305700.0000,79.3333
"Rebuilt Games",1350600.0000,84.0000
"Rec Room",3300.0000,82.0000
"Recreate Games",1625850.0000,85.0000
"Red Barrels",2375880.0000,92.0000
"Red Dot Games",1014600.0000,93.0000
"Red Hook Studios",2392155.0000,80.5000
"Redbeet Interactive",9405360.0000,91.0000
"Refic Games",104430.0000,90.0000
"Reissad Studio",1167510.0000,80.0000
"Reiza Studios",329250.0000,92.0000
"Relic Entertainment",495465.0000,78.5000
ReLogic,36032190.0000,96.0000
"ReLU Games Inc",204030.0000,82.0000
"Render Cube",1227900.0000,87.0000
RENGAME,37410.0000,70.0000
"Resolution Games",28020.0000,83.0000
Respawn,1117275.0000,71.5000
"Respawn Entertainment",5860410.0000,91.0000
"Robot Entertainment",217215.0000,72.0000
"RobTop Games",15458070.0000,93.0000
RocketWerkz,1487940.0000,77.0000
"Rockstar Games",23575800.0000,95.0000
"Rockstar Games Double Eleven",493620.0000,93.0000
"Rockstar North",4562490.0000,89.0000
"Rockstar North Rockstar Toronto",5075130.0000,87.0000
"Rocksteady Studios",3169500.0000,95.0000
roseengine,844020.0000,94.0000
"Round 3 Studios",11460.0000,71.0000
RubberBandGames,909270.0000,97.0000
"Saber Interactive",1250610.0000,77.2000
"Saber Interactive Inc",674850.0000,77.0000
"Sad Panda Studios",16860.0000,84.0000
"Sand Sailor Studio",287610.0000,76.0000
"Sandbox Interactive GmbH",56550.0000,72.0000
"SandCastles Studio",121950.0000,67.0000
"Sandfall Interactive",5060190.0000,92.0000
"Santa Monica Studio Jetpack Interactive",2280060.0000,93.5000
"Sassy Chap Games",175590.0000,88.0000
SBN3,230370.0000,92.0000
"Scienart Games",234960.0000,94.0000
"SCS Software",13649400.0000,94.5000
"Secret Door",47130.0000,87.0000
"Secret Exit Ltd",16260.0000,90.0000
Sedleo,12510.0000,51.0000
"Seed Sparkle Lab",171120.0000,85.0000
semiwork,8808090.0000,95.0000
"SHIFT UP Corporation",1634550.0000,91.0000
"Shiro Games",1265190.0000,67.5000
"Shockfront Studios",210720.0000,94.0000
"Siege Camp",1321830.0000,64.0000
"Siege Wizard Interactive",6600.0000,95.0000
"Skunkape Games",56805.0000,95.5000
"Slavic Magic",2127960.0000,77.0000
"Sleepy Castle Studio WingIt Creative",32700.0000,95.0000
"Slipgate Ironworks",274320.0000,84.0000
"Slitherine Ltd",143580.0000,88.0000
Sloclap,1031460.0000,67.0000
"SMG Studio",28650.0000,94.0000
"Smilegate RPG",1957770.0000,0.0000
"Soleil Ltd",1270680.0000,75.0000
"Sonic Team",294870.0000,89.0000
"Spicy Horse Games",754080.0000,88.0000
Spiders,20880.0000,76.0000
"Spike Chunsoft Co Ltd",575212.5000,78.0000
"Spike Chunsoft Co Ltd Abstraction Games",905745.0000,94.5000
"Spilt Milk Studios Ltd",38640.0000,82.0000
"Sports Interactive",531870.0000,50.0000
Squad,3252060.0000,97.0000
"Squanch Games Inc",313110.0000,78.5000
"Square Enix",315788.8235,78.5588
"Square Enix ACQUIRE Corp",385530.0000,87.0000
"Square Enix ARTDINK",82400.0000,91.0000
"Square Enix Cattle Call Inc",6150.0000,97.0000
"Square Enix Claytechworks",49410.0000,58.0000
"Square Enix D4Enterprise CoLtd",61290.0000,56.0000
"Square Enix DOKIDOKI GROOVE WORKS",69690.0000,84.0000
"Square Enix DotEmu SAS",78870.0000,83.0000
"Square Enix Gemdrops Inc",91860.0000,96.0000
"Square Enix hand",25860.0000,92.0000
"Square Enix HEXADRIVE Inc",49230.0000,87.0000
"Square Enix historia Inc",21060.0000,70.0000
"Square Enix KOEI TECMO GAMES CO LTD",150705.0000,87.5000
"Square Enix PlatinumGames Inc",3335790.0000,88.0000
"Square Enix TOSE CO LTD",191550.0000,88.0000
"Square Enix Toylogic Inc",619620.0000,88.0000
"Square Enix xeen Inc",110190.0000,91.0000
"Stage Games Inc",46890.0000,71.0000
"Stairway Games",609390.0000,89.0000
"Standing Stone Games",5130.0000,85.0000
"Starbreeze Studios",1418370.0000,57.0000
"Stardock Entertainment",60870.0000,78.0000
Statespace,7830.0000,80.0000
"Steel Balalaika",745530.0000,55.0000
"Steel City Interactive",550710.0000,46.0000
"Steel Crate Games",417750.0000,97.0000
"Steel Wool Studios",1907970.0000,88.0000
"Strange Scaffold",11340.0000,98.0000
"Stratagem Blue",40470.0000,96.0000
"Stray Fawn Studio",219270.0000,92.0000
"Stress Level Zero",512910.0000,94.0000
"Studio 397",364980.0000,72.0000
"Studio 568",8160.0000,88.0000
"Studio Doodal",3570.0000,75.0000
"Studio MDHR Entertainment Inc",5528340.0000,96.0000
"Studio Wildcard Grove Street Games Instinct Games",2687850.0000,59.0000
"Studio Wildcard Instinct Games Efecto Studios Virtual Basement LLC",17213070.0000,84.0000
StunForge,80760.0000,86.0000
"Stunlock Studios",3213960.0000,87.0000
Sublime,78210.0000,84.0000
"Sucker Punch Productions Nixxes Software",1764930.0000,92.0000
"SUN AND SERPENT creations",29400.0000,95.0000
Sunblink,250410.0000,92.0000
"Super Evil Megacorp",81870.0000,87.0000
"Supergiant Games",5755350.0000,94.0000
Superkami,182790.0000,69.0000
"Supernova Games Studios",207960.0000,86.0000
"System Era Softworks",3491850.0000,89.0000
"Tactical Adventures",303885.0000,78.5000
"TaleWorlds Entertainment",6637950.0000,85.0000
"Tarsier Studios",1080400.0000,87.0000
"Team Cherry",12597315.0000,93.5000
"Team PEAK",7307850.0000,92.0000
"Team Soda",2423550.0000,85.0000
"Team17 Digital Ghost Town Games",155040.0000,65.0000
Techland,3182370.0000,77.5000
"Tellus Games",34650.0000,84.0000
Tempo,330420.0000,57.0000
"The Astronauts",402450.0000,90.0000
"The Behemoth",3167280.0000,95.0000
"The Fun Pimps",8115240.0000,85.0000
"The Game Bakers",394770.0000,94.0000
"The Game Kitchen",1492590.0000,91.0000
"The Indie Stone",9968670.0000,91.0000
"The Rat Zone",93780.0000,99.0000
"The Sims Studio Maxis",918870.0000,75.0000
Tiburon,132300.0000,65.0000
"Titan Forge Games",232920.0000,56.0000
tobyfox,5606985.0000,96.5000
"ToGo Games",6360.0000,83.0000
"Too Kyo Games MediaVision Inc",193770.0000,86.0000
"Torn Banner Studios",1271970.0000,76.0000
"Toxic Dog",1117560.0000,79.0000
"Trepang Studios",418980.0000,92.0000
Treyarch,888290.0000,88.0000
"Treyarch Aspyr Mac",4519950.0000,89.0000
"Treyarch Raven Software Beenox High Moon Studios Sledgehammer Games Infinity Ward Activision Shanghai Demonware",4232910.0000,42.3333
"Treyarch Raven Software High Moon Studios Beenox Activision Shanghai Sledgehammer Games",611220.0000,83.0000
"Triassic Games",144930.0000,88.0000
"Tribute Games Inc",29070.0000,87.5000
"Triiodide Studios",859050.0000,88.0000
Trioskaz,701790.0000,94.0000
"Tripwire Interactive",447660.0000,43.0000
"Triumph Studios",473400.0000,80.0000
TRUSO,61200.0000,92.0000
"TT Games Double Eleven",33300.0000,87.0000
"turbolento games",513120.0000,96.0000
"Turn 10",343350.0000,57.0000
"Turning Wheel LLC",295170.0000,87.0000
"Turtle Rock Studios",1626960.0000,70.0000
"Tuxedo Labs",3473310.0000,94.0000
TVGS,7789440.0000,96.0000
"Two Point Studios",246870.0000,96.0000
Ubisoft,1540950.0000,78.5000
"Ubisoft  San Francisco Ubisoft  Osaka",456660.0000,76.0000
"Ubisoft Entertainment",1249260.0000,48.0000
"Ubisoft Ivory Tower",557670.0000,71.0000
"Ubisoft Mainz",581730.0000,68.0000
"Ubisoft Montreal",19074630.0000,71.0000
"Ubisoft Montreal Red Storm Ubisoft Shanghai Ubisoft Toronto Ubisoft Kiev",5036610.0000,82.0000
"Ubisoft Montreal Ubisoft Quebec Ubisoft Toronto Blue Byte",3122640.0000,64.0000
"Ubisoft Paris",1141380.0000,75.0000
"Ubisoft Paris Ubisoft Annecy Ubisoft Bucharest Ubisoft Montpellier Ubisoft Milan Reflections Ubisoft Belgrade",2658630.0000,76.0000
"Ubisoft Quebec Ubisoft Belgrade Ubisoft Bordeaux Ubisoft Bucharest  Craiova Ubisoft Chengdu Ubisoft Montpellier Ubisoft Montreal Ubisoft Osaka Ubisoft Philippines Ubisoft Shanghai Ubisoft Singapore Ubisoft Sofia Ubisoft Ukraine",925290.0000,66.0000
"Ubisoft Quebec Ubisoft Montreal Ubisoft Bucharest Ubisoft Singapore Ubisoft Montpellier Ubisoft Kiev Ubisoft Shanghai",4977390.0000,86.0000
"Umami Tiger Matthias Linda",218400.0000,77.0000
"Unbroken Studios",80340.0000,65.0000
"Undead Labs",1693530.0000,83.0000
"United Front Games Feral Interactive Mac",1994790.0000,97.0000
"Unknown Worlds Entertainment",6031860.0000,92.5000
"V12 Studio",60870.0000,83.0000
"Valko Game Studios",406470.0000,70.0000
Valve,24441465.0000,91.2500
"Vawraek Technology Inc",289740.0000,70.0000
"VECTOR INTERACTIVE PTY LTD",111270.0000,88.0000
"Vector3 Studio",590160.0000,71.0000
vedinad,2787030.0000,90.0000
"Vermila Studios",86580.0000,87.0000
Videocult,1218420.0000,91.0000
"Visceral Games",533370.0000,74.5000
"Visual Concepts",202170.0000,61.5000
"VOID Interactive",7314300.0000,85.0000
"VRChat Inc",4440.0000,72.0000
WanadevStudio,151440.0000,94.0000
"Wargaming Group Limited",34640.0000,65.6667
"Warhorse Studios",3957780.0000,86.0000
WarpFrog,1725570.0000,94.0000
"weltenbauer Software Entwicklung GmbH",286860.0000,85.0000
"Were Five Games",46530.0000,56.0000
"Wild Shadow Studios Deca Live Operations GmbH",5820.0000,55.0000
"WIRED FEELINGS",16560.0000,69.0000
Wishfully,8490.0000,92.0000
"Wombat Brawler",200130.0000,94.0000
"Worlds Edge Forgotten Empires CaptureAge Tantalus Media Wicked Witch Feral Interactive",4584600.0000,93.0000
"Worlds Edge Forgotten Empires Tantalus Media CaptureAge Virtuos Games",573240.0000,87.0000
"Worlds Edge Relic Entertainment Forgotten Empires Climax Studios",2055570.0000,83.0000
"Worlds Edge Tantalus Media Forgotten Empires",1084050.0000,89.0000
"Wrong Organ",963540.0000,94.0000
"Wube Software LTD",5657010.0000,97.0000
"Yodubzz Studios",264300.0000,74.0000
"Yolo Games Studio",15150.0000,91.0000
Zachtronics,159120.0000,99.0000
ZAUM,3376020.0000,89.0000
Zeekerss,12168300.0000,93.0000
"ZeniMax Online Studios",3960030.0000,75.0000
"Zorro Wilnyl Philip thePetHen Skog",1981170.0000,91.0000
Zurvivor,623970.0000,92.0000
