app_id,name,release_date,price_usd,review_score_pct,total_reviews,estimated_owners,steam_developer,review_score_negative
730,CounterStrike 2,2012-08-21,0.0,83,4980365,149410950,Valve,17
2868840,Slay the Spire 2,2026-03-05,24.99,97,49549,1486470,Mega Crit,3
3065800,Marathon,2026-03-05,39.99,90,24360,730800,Bungie,10
3764200,Resident Evil Requiem,2026-02-26,69.99,96,79667,2390010,CAPCOM Co Ltd,4
2157830,John Carpenters Toxic Commando,2026-03-12,39.99,83,2765,82950,Saber Interactive,17
1144200,Ready or Not,2023-12-13,49.99,85,243810,7314300,VOID Interactive,15
1172470,Apex Legends,2020-11-04,0.0,65,1577,47310,Respawn,35
1808500,ARC Raiders,2025-10-30,39.99,79,264150,7924500,Embark Studios,21
2852190,Monster Hunter Stories 3 Twisted Reflection,2026-03-12,69.99,75,1570,47100,CAPCOM Co Ltd,25
1167630,Teardown,2022-04-21,14.99,94,115777,3473310,Tuxedo Labs,6
2552430,KINGDOM HEARTS HD 1525 ReMIX,2024-06-13,24.99,89,8167,245010,Square Enix,11
4069520,Super Battle Golf,2026-02-19,7.99,95,4025,120750,Brimstone,5
1222670,The Sims 4,2020-06-18,0.0,79,82661,2479830,Maxis,21
2778610,Over The Top WWI,2026-03-06,16.26,88,3572,107160,Flying Squirrel Entertainment,12
359550,Tom Clancys Rainbow Six Siege,2015-12-01,0.0,75,1234092,37022760,Ubisoft Montreal,25
553850,HELLDIVERS 2,2024-02-08,39.99,70,807861,24235830,Arrowhead Game Studios,30
230410,Warframe,2013-03-25,0.0,90,2880,86400,Digital Extremes,10
2357570,Overwatch,2023-08-10,0.0,60,257,7710,Blizzard Entertainment Inc,40
236390,War Thunder,2013-08-15,0.0,76,1961,58830,Gaijin Entertainment,24
3472040,NBA 2K26,2025-09-04,19.99,74,12634,379020,Visual Concepts,26
1462040,FINAL FANTASY VII REMAKE INTERGRADE,2022-06-17,19.99,84,37281,1118430,Square Enix,16
3240220,Grand Theft Auto V Enhanced,2025-03-04,19.79,89,152083,4562490,Rockstar North,11
1149460,ICARUS,2021-12-03,11.89,77,49598,1487940,RocketWerkz,23
2975950,Solasta II,2026-03-12,35.99,73,1277,38310,Tactical Adventures,27
1086940,Baldurs Gate 3,2023-08-03,59.99,94,730296,21908880,Larian Studios,6
252490,Rust,2018-02-08,39.99,84,1116689,33500670,Facepunch Studios,16
381210,Dead by Daylight,2016-06-14,19.99,79,647076,19412280,Behaviour Interactive Inc,21
686060,Mewgenics,2026-02-10,29.99,91,36152,1084560,Edmund McMillen Tyler Glaiel,9
2833580,BRAVELY DEFAULT FLYING FAIRY HD Remaster,2026-03-12,31.99,97,205,6150,Square Enix Cattle Call Inc,3
1158310,Crusader Kings III,2020-09-01,14.99,85,91953,2758590,Paradox Development Studio,15
3164500,Schedule I,2025-03-24,19.99,96,259648,7789440,TVGS,4
3717070,WWE 2K26,2026-03-12,69.99,49,844,25320,Visual Concepts,51
376210,The Isle,2015-12-01,19.99,79,98271,2948130,Afterthought LLC,21
1062090,Timberborn,2026-03-12,27.99,96,34389,1031670,Mechanistry,4
2050650,Resident Evil 4,2023-03-23,39.99,95,152313,4569390,CAPCOM Co Ltd,5
2344520,Diablo IV,2023-10-17,49.99,76,49403,1482090,Blizzard Entertainment Inc,24
524220,NieRAutomata,2017-03-17,15.99,88,111193,3335790,Square Enix PlatinumGames Inc,12
1245620,ELDEN RING,2022-02-24,59.99,92,808015,24240450,FromSoftware Inc,8
2515020,FINAL FANTASY XVI,2024-09-17,24.99,78,20959,628770,Square Enix,22
1004640,FINAL FANTASY TACTICS  The Ivalice Chronicles,2025-09-30,34.99,81,4795,143850,Square Enix,19
3643170,Roadside Research,2026-02-12,12.99,86,1739,52170,Cybernetic Walrus,14
2909400,FINAL FANTASY VII REBIRTH,2025-01-23,29.99,71,20495,614850,Square Enix,29
1721470,Poppy Playtime,2021-10-12,0.0,93,37330,1119900,Mob Entertainment,7
699130,World War Z,2021-09-21,7.49,77,22495,674850,Saber Interactive Inc,23
3405690,EA SPORTS FC 26,2025-09-25,20.99,48,46691,1400730,EA Canada EA Romania,52
2807960,Battlefield 6,2025-10-10,69.99,45,262749,7882470,Battlefield Studios,55
3241660,REPO,2025-02-26,6.99,95,293603,8808090,semiwork,5
990080,Hogwarts Legacy,2023-02-10,8.99,86,265344,7960320,Avalanche Software,14
526870,Satisfactory,2024-09-10,27.99,96,221670,6650100,Coffee Stain Studios,4
39210,FINAL FANTASY XIV Online,2014-02-18,19.99,0,76795,2303850,Square Enix,100
1151340,Fallout 76,2020-04-14,39.99,67,75737,2272110,Bethesda Game Studios,33
578080,PUBG BATTLEGROUNDS,2017-12-21,0.0,74,1757549,52726470,PUBG Corporation,26
801800,Atomfall,2025-03-27,24.99,68,3409,102270,Rebellion,32
2129530,REANIMAL,2026-02-13,39.99,76,9717,291510,Tarsier Studios,24
1466060,Tainted Grail The Fall of Avalon,2025-05-23,31.49,83,26900,807000,Questline,17
2221490,Tom Clancys The Division 2,2023-01-12,29.99,82,27517,825510,Ubisoft,18
2399830,ARK Survival Ascended,2023-10-25,44.99,59,89595,2687850,Studio Wildcard Grove Street Games Instinct Games,41
646570,Slay the Spire,2019-01-23,6.24,95,182177,5465310,Mega Crit,5
238960,Path of Exile,2013-10-23,0.0,0,1033,30990,Grinding Gear Games,100
2057760,Esoteric Ebb,2026-03-03,24.99,96,2707,81210,Christoffer Bodegrd,4
3495730,Lucid Blocks,2026-03-12,9.99,95,1298,38940,Lucy B Locks,5
529340,Victoria 3,2022-10-25,14.99,75,39981,1199430,Paradox Development Studio,25
1874880,Arma Reforger,2023-11-16,39.99,82,41905,1257150,Bohemia Interactive,18
739630,Phasmophobia,2020-09-18,19.99,93,662804,19884120,Kinetic Games,7
3606480,Call of Duty Black Ops 7,2025-11-13,69.99,37,3430,102900,Treyarch Raven Software Beenox High Moon Studios Sledgehammer Games Infinity Ward Activision Shanghai Demonware,63
582660,Black Desert,2017-05-24,9.99,65,61467,1844010,Pearl Abyss,35
3949040,RV There Yet,2025-10-21,7.99,87,61441,1843230,Nuggets Entertainment,13
413150,Stardew Valley,2016-02-26,14.99,98,846150,25384500,ConcernedApe,2
780310,The Riftbreaker,2021-10-14,9.89,88,20361,610830,EXOR Studios,12
306130,The Elder Scrolls Online,2017-05-22,19.99,75,132001,3960030,ZeniMax Online Studios,25
1774580,STAR WARS Jedi Survivor,2023-04-27,6.99,78,72908,2187240,Respawn,22
394360,Hearts of Iron IV,2016-06-06,14.99,88,269521,8085630,Paradox Development Studio,12
1091500,Cyberpunk 2077,2020-12-09,59.99,94,835680,25070400,CD PROJEKT RED,6
1669000,Age of Wonders 4,2023-05-02,24.99,80,15780,473400,Triumph Studios,20
2300320,Farming Simulator 25,2024-11-12,29.99,92,32325,969750,GIANTS Software,8
3230400,EA SPORTS Madden NFL 26,2025-08-14,13.99,65,4410,132300,Tiburon,35
3897800,Poker Night at the Inventory,2026-03-05,9.99,95,5213,156390,Skunkape Games,5
3834090,YAPYAP,2026-02-03,9.99,85,5163,154890,Maison Bap,15
440,Team Fortress 2,2007-10-10,0.0,94,46365,1390950,Valve,6
1203620,Enshrouded,2024-01-24,23.99,80,86472,2594160,Keen Games GmbH,20
270880,American Truck Simulator,2016-02-02,19.99,94,160267,4808010,SCS Software,6
3527290,PEAK,2025-06-16,7.99,92,243595,7307850,Team PEAK,8
2893570,DRAGON QUEST I  II HD2D Remake,2025-10-30,44.99,94,1469,44070,Square Enix ARTDINK,6
960090,Bloons TD 6,2018-12-17,5.59,96,337355,10120650,Ninja Kiwi,4
1962663,Call of Duty Warzone,2022-11-16,0.0,24,9773,293190,Infinity Ward Raven Software Beenox Treyarch High Moon Studios Sledgehammer Games Activision Shanghai Demonware Toys for Bob,76
1174180,Red Dead Redemption 2,2019-12-05,59.99,95,785860,23575800,Rockstar Games,5
1361210,Warhammer 40000 Darktide,2022-11-30,9.99,66,101964,3058920,Fatshark,34
284160,BeamNGdrive,2015-05-29,24.99,96,353198,10595940,BeamNG,4
1623730,Palworld,2024-01-18,29.99,95,350981,10529430,Pocketpair,5
2827200,MIMESIS,2025-10-27,7.49,82,6801,204030,ReLU Games Inc,18
2183900,Warhammer 40000 Space Marine 2,2024-09-09,59.99,82,149986,4499580,Saber Interactive,18
883710,Resident Evil 2,2019-01-24,39.99,97,135516,4065480,CAPCOM Co Ltd,3
266410,iRacing,2015-01-12,9.99,80,4973,149190,iRacingcom Motorsport Simulations iRacing,20
294100,RimWorld,2018-10-17,34.99,97,199425,5982750,Ludeon Studios,3
2186680,Warhammer 40000 Rogue Trader,2023-12-07,19.99,92,29298,878940,Owlcat Games,8
3014320,OCTOPATH TRAVELER 0,2025-12-04,37.49,84,2323,69690,Square Enix DOKIDOKI GROOVE WORKS,16
2958130,Jurassic World Evolution 3,2025-10-21,59.99,92,7738,232140,Frontier Developments,8
2246340,Monster Hunter Wilds,2025-02-27,69.99,71,190689,5720670,CAPCOM Co Ltd,29
2397300,Half Sword,2026-01-30,24.99,71,20204,606120,Half Sword Games,29
1562430,DREDGE,2023-03-30,9.99,98,43759,1312770,Black Salt Games,2
311210,Call of Duty Black Ops III,2015-11-05,59.99,89,150665,4519950,Treyarch Aspyr Mac,11
2963800,DrainSim,2026-03-03,13.49,92,582,17460,CodePeas,8
1693980,Dead Space,2023-01-27,8.99,88,55057,1651710,Motive,12
489830,The Elder Scrolls V Skyrim Special Edition,2016-10-27,39.99,95,207540,6226200,Bethesda Game Studios,5
1172620,Sea of Thieves 2025 Edition,2020-06-03,39.99,79,316861,9505830,Rare Ltd,21
1085660,Destiny 2,2019-10-01,0.0,54,133686,4010580,Bungie,46
2479810,Gray Zone Warfare,2024-04-30,39.99,78,58634,1759020,MADFINGER Games as,22
1771300,Kingdom Come Deliverance II,2025-02-04,59.99,90,127435,3823050,Warhorse Studios,10
2537590,Microsoft Flight Simulator 2024,2024-11-19,69.99,74,18004,540120,Asobo Studio,26
1113560,NieR Replicant ver122474487139,2021-04-23,23.99,88,20654,619620,Square Enix Toylogic Inc,12
1172710,Dune Awakening,2025-06-10,29.99,61,63137,1894110,Funcom,39
1326470,Sons Of The Forest,2024-02-22,29.99,92,263617,7908510,Endnight Games Ltd,8
2592160,Dispatch,2025-10-22,29.99,95,157216,4716480,AdHoc Studio,5
892970,Valheim,2021-02-02,9.99,86,447761,13432830,Iron Gate AB,14
2239150,Thronefall,2024-10-11,8.44,92,21740,652200,GrizzlyGames Mythwright,8
108600,Project Zomboid,2013-11-08,19.99,91,332289,9968670,The Indie Stone,9
2694490,Path of Exile 2,2024-12-06,29.99,34,152513,4575390,Grinding Gear Games,66
548430,Deep Rock Galactic,2020-05-13,8.99,94,296542,8896260,Ghost Ship Games,6
648800,Raft,2022-06-20,19.99,91,313512,9405360,Redbeet Interactive,9
2536520,Diablo II Resurrected  Infernal Edition,2026-02-11,39.99,87,3719,111570,Blizzard Entertainment Inc,13
1295660,Sid Meiers Civilization VII,2025-02-10,59.99,50,40161,1204830,Firaxis Games,50
427520,Factorio,2020-08-14,35.0,97,188567,5657010,Wube Software LTD,3
304390,FOR HONOR,2017-02-13,29.99,64,104088,3122640,Ubisoft Montreal Ubisoft Quebec Ubisoft Toronto Blue Byte,36
1903340,Clair Obscur Expedition 33,2025-04-24,49.99,92,168673,5060190,Sandfall Interactive,8
2668510,Red Dead Redemption,2024-10-29,24.99,93,16454,493620,Rockstar Games Double Eleven,7
281990,Stellaris,2016-05-09,39.99,81,138234,4147020,Paradox Development Studio,19
1282100,REMNANT II,2023-07-25,12.49,73,44281,1328430,Gunfire Games,27
1304930,The Outlast Trials,2024-03-05,39.99,92,79196,2375880,Red Barrels,8
589290,Holdfast Nations At War,2020-03-05,9.99,91,24877,746310,Anvil Game Studios,9
255710,Cities Skylines,2015-03-10,29.99,87,215012,6450360,Colossal Order,13
2622380,ELDEN RING NIGHTREIGN,2025-05-29,39.99,80,122006,3660180,FromSoftware Inc,20
261550,Mount  Blade II Bannerlord,2022-10-25,49.99,85,221265,6637950,TaleWorlds Entertainment,15
1631270,StarRupture,2026-01-06,19.99,80,9405,282150,Creepy Jar,20
3920610,FATAL FRAME II Crimson Butterfly REMAKE,2026-03-11,49.99,80,1079,32370,KOEI TECMO GAMES CO LTD,20
3097560,Liars Bar,2024-10-02,6.99,81,47225,1416750,Curve Animation,19
2385530,PGA TOUR 2K25,2025-02-27,49.99,71,2946,88380,HB Studios,29
1286830,STAR WARS The Old Republic,2020-07-21,0.0,85,454,13620,Broadsword,15
377160,Fallout 4,2015-11-09,19.99,84,284625,8538750,Bethesda Game Studios,16
632360,Risk of Rain 2,2020-08-11,24.99,92,233118,6993540,Hopoo Games,8
1599340,Lost Ark,2022-02-11,0.0,0,65259,1957770,Smilegate RPG,100
1285190,Borderlands 4,2025-09-11,69.99,46,52811,1584330,Gearbox Software,54
105600,Terraria,2011-05-16,9.99,96,1201073,36032190,ReLogic,4
949230,Cities Skylines II,2023-10-24,49.99,68,59179,1775370,Iceflake Studios Colossal Order,32
359870,FINAL FANTASY XX2 HD Remaster,2016-05-12,11.99,77,18627,558810,Square Enix,23
1971650,OCTOPATH TRAVELER II,2023-02-24,23.99,88,12575,377250,Square Enix ACQUIRE Corp,12
3599690,Funi Raccoon Game,2026-03-13,10.79,99,463,13890,Crayon Kit,1
2670630,Supermarket Simulator,2025-06-19,19.99,70,75143,2254290,Nokta Games,30
286160,Tabletop Simulator,2015-06-05,19.99,95,47177,1415310,Berserk Games,5
1229490,ULTRAKILL,2020-09-03,24.99,95,189515,5685450,Arsi Hakita Patala,5
2661300,Grounded 2,2025-07-29,29.99,83,17139,514170,Obsidian Entertainment EidosMontral,17
518790,theHunter Call of the Wild,2017-02-16,19.99,90,162885,4886550,Expansive Worlds,10
1313140,Cult of the Lamb,2022-08-11,24.99,97,104304,3129120,Massive Monster,3
2651280,Marvels SpiderMan 2,2025-01-30,59.99,87,24613,738390,Insomniac Games Nixxes Software,13
107410,Arma 3,2013-09-12,11.99,88,227355,6820650,Bohemia Interactive,12
418370,Resident Evil 7 Biohazard,2017-01-23,19.99,94,78464,2353920,CAPCOM Co Ltd,6
2001120,Split Fiction,2025-03-06,49.99,95,71563,2146890,Hazelight Studios,5
21690,Resident Evil 5,2009-09-15,19.99,84,40875,1226250,Capcom,16
1401590,Disney Dreamlight Valley,2023-12-05,39.99,91,21074,632220,Gameloft,9
3028330,Battlefield REDSEC,2025-10-28,0.0,26,9160,274800,Battlefield Studios,74
1290000,PowerWash Simulator,2022-07-14,12.49,93,49637,1489110,FuturLab,7
1465360,SnowRunner,2021-05-17,11.99,89,42660,1279800,Saber Interactive,11
3977290,Rewind 99,2026-03-11,9.59,87,175,5250,Gunmetal Games Real Fake Games,13
1857950,VEIN,2025-10-24,19.99,86,8486,254580,Ramjet Studios,14
1284210,Guild Wars 2,2022-08-23,0.0,81,457,13710,ArenaNet,19
3932890,Escape from Tarkov,2025-11-15,49.99,49,42207,1266210,Battlestate Games,51
250900,The Binding of Isaac Rebirth,2014-11-04,14.99,95,348944,10468320,Nicalis Inc Edmund McMillen,5
1096530,Solasta Crown of the Magister,2021-05-27,7.49,84,18982,569460,Tactical Adventures,16
921570,OCTOPATH TRAVELER,2019-06-07,23.99,86,13127,393810,Square Enix ACQUIRE Corp,14
2933130,The Lord of the Rings Return to Moria,2024-08-27,13.49,72,9506,285180,Free Range Games,28
552990,World of Warships,2017-11-15,0.0,72,2012,60360,Wargaming Group Limited,28
3501070,Car Service Together,2026-02-04,19.99,83,2029,60870,V12 Studio,17
427410,Abiotic Factor,2025-07-22,34.99,91,37489,1124670,Deep Field Games,9
438100,VRChat,2017-02-01,0.0,72,148,4440,VRChat Inc,28
322170,Geometry Dash,2014-12-22,4.99,93,515269,15458070,RobTop Games,7
2280350,Turbo Dismount 2,2026-03-13,13.99,90,542,16260,Secret Exit Ltd,10
2495100,Hello Kitty Island Adventure,2025-01-30,26.79,92,8347,250410,Sunblink,8
1874000,Life is Strange Double Exposure,2024-10-29,19.99,68,6932,207960,Deck Nine Games,32
264710,Subnautica,2018-01-23,29.99,98,308655,9259650,Unknown Worlds Entertainment,2
1407200,World of Tanks,2021-04-28,0.0,61,524,15720,Wargaming Group Limited,39
3419520,Quarantine Zone The Last Check,2026-01-12,19.99,84,9321,279630,Brigada Games,16
637650,FINAL FANTASY XV WINDOWS EDITION,2018-03-06,13.99,82,43580,1307400,Square Enix,18
440900,Conan Exiles,2018-05-08,9.99,81,75378,2261340,Funcom Inflexion Games,19
1272320,Diplomacy is Not an Option,2024-10-04,13.49,87,9804,294120,Door 407,13
1142710,Total War WARHAMMER III,2022-02-16,59.99,81,98425,2952750,CREATIVE ASSEMBLY Feral Interactive,19
221100,DayZ,2018-12-13,49.99,86,376856,11305680,Bohemia Interactive,14
1371980,No Rest for the Wicked,2024-04-18,39.99,86,59070,1772100,Moon Studios GmbH,14
3681010,Nioh 3,2026-02-05,69.99,78,9706,291180,KOEI TECMO GAMES CO LTD,22
1471410,SYNTHETIK 2,2021-11-11,13.99,76,2806,84180,Flow Fire Games,24
2456740,inZOI,2025-03-27,39.99,74,26794,803820,inZOI Studio,26
1966720,Lethal Company,2023-10-23,9.99,93,405610,12168300,Zeekerss,7
1677110,Lightyear Frontier,2024-03-19,14.99,81,3614,108420,FRAME BREAK,19
251570,7 Days to Die,2024-07-25,44.99,85,270508,8115240,The Fun Pimps,15
275850,No Mans Sky,2016-08-12,59.99,89,301832,9054960,Hello Games,11
945360,Among Us,2018-11-16,4.99,93,637467,19124010,Innersloth,7
976730,Halo The Master Chief Collection,2019-12-03,39.99,85,232842,6985260,343 Industries Splash Damage Ruffian Games Bungie Saber Interactive,15
1551360,Forza Horizon 5,2021-11-08,59.99,89,245405,7362150,Playground Games,11
2437170,SMITE 2,2024-08-27,0.0,56,7764,232920,Titan Forge Games,44
1608070,CRISIS CORE FINAL FANTASY VII REUNION,2022-12-13,19.99,88,6385,191550,Square Enix TOSE CO LTD,12
1328670,Mass Effect Legendary Edition,2021-05-14,5.99,92,58379,1751370,BioWare,8
2697000,The Legend of Khiimori,2026-03-03,29.99,80,849,25470,Aesir Interactive NightinGames,20
570,Dota 2,2013-07-09,0.0,69,14369,431070,Valve,31
1284190,The Planet Crafter,2024-04-10,23.99,96,62216,1866480,Miju Games,4
1190000,Car Mechanic Simulator 2021,2021-08-11,4.49,93,33820,1014600,Red Dot Games,7
1129580,Medieval Dynasty,2021-09-23,17.49,87,40930,1227900,Render Cube,13
1265920,Life is Strange Remastered,2022-02-01,7.99,93,6947,208410,Deck Nine,7
1358700,STRANGER OF PARADISE FINAL FANTASY ORIGIN,2023-04-06,15.99,81,3417,102510,Square Enix KOEI TECMO GAMES CO LTD,19
585420,Trailmakers,2019-09-18,24.99,90,28321,849630,Flashbulb,10
4000,Garrys Mod,2006-11-29,9.99,97,1055266,31657980,Facepunch Studios,3
595520,FINAL FANTASY XII THE ZODIAC AGE,2018-02-01,19.99,84,8057,241710,Square Enix,16
2968420,PowerWash Simulator 2,2025-10-23,24.99,93,9185,275550,FuturLab,7
244210,Assetto Corsa,2014-12-19,19.99,91,129945,3898350,Kunos Simulazioni,9
3354750,skate,2025-09-16,0.0,50,266,7980,Full Circle,50
2406770,Bodycam,2024-06-07,33.32,80,38917,1167510,Reissad Studio,20
1943950,Escape the Backrooms,2025-10-23,9.99,89,110653,3319590,Fancy Games Blackbird Interactive,11
550,Left 4 Dead 2,2009-11-16,9.99,97,783882,23516460,Valve,3
3873970,NASCAR 25,2025-11-11,59.99,68,1385,41550,iRacingcom Motorsport Simulations LLC,32
2918310,Mamas Sleeping Angels,2026-03-11,7.99,94,276,8280,itamu,6
1938090,Call of Duty,2022-10-27,0.0,50,406672,12200160,Treyarch Raven Software Beenox High Moon Studios Sledgehammer Games Infinity Ward Activision Shanghai Demonware,50
1173820,FINAL FANTASY VI,2022-02-23,11.69,95,4131,123930,Square Enix,5
2294660,The Quinfall,2026-02-06,3.99,70,9658,289740,Vawraek Technology Inc,30
1812450,Bellwright,2024-04-23,29.99,82,17337,520110,Donkey Crew,18
1072420,DRAGON QUEST BUILDERS 2,2019-12-10,24.99,94,6630,198900,Square Enix KOEI TECMO GAMES CO LTD,6
1206560,WorldBox  God Simulator,2021-12-02,19.99,96,46991,1409730,Maxim Karpenko,4
3059520,F1 25,2025-05-30,59.99,83,19045,571350,Codemasters,17
2840770,Avatar Frontiers of Pandora,2024-06-17,29.99,80,11884,356520,Massive Entertainment  A Ubisoft Studio Ubisoft Montpellier Ubisoft Shanghai Ubisoft Toronto Ubisoft Dsseldorf Ubisoft Reflections,20
1172380,STAR WARS Jedi Fallen Order,2019-11-14,3.19,86,147131,4413930,Respawn Entertainment,14
1145350,Hades II,2025-09-25,29.99,94,106815,3204450,Supergiant Games,6
2069250,High On Life 2,2026-02-13,59.99,69,1665,49950,Squanch Games Inc,31
2753900,The King is Watching,2025-07-21,9.74,87,7579,227370,Hypnohead,13
346110,ARK Survival Evolved,2017-08-27,14.99,84,573769,17213070,Studio Wildcard Instinct Games Efecto Studios Virtual Basement LLC,16
1196590,Resident Evil Village,2021-05-06,39.99,94,96814,2904420,CAPCOM Co Ltd,6
9900,Star Trek Online,2012-01-31,0.0,72,935,28050,Cryptic Studios,28
728880,Overcooked 2,2018-08-07,12.12,91,58723,1761690,Ghost Town Games Ltd Team17,9
602960,Barotrauma,2023-03-13,17.49,94,57792,1733760,FakeFish Undertow Games,6
291550,Brawlhalla,2017-10-17,0.0,59,2896,86880,Blue Mammoth Games,41
1446650,BRAVELY DEFAULT II,2021-09-02,23.99,58,1647,49410,Square Enix Claytechworks,42
2322010,God of War Ragnark,2024-09-19,59.99,92,28447,853410,Santa Monica Studio Jetpack Interactive,8
3405340,Megabonk,2025-09-18,7.49,90,92901,2787030,vedinad,10
2432860,MENACE,2026-02-05,39.99,92,8450,253500,Overhype Studios,8
2245620,Tangy TD,2026-03-09,8.79,89,394,11820,Cakez,11
813780,Age of Empires II Definitive Edition,2019-11-14,34.99,93,152820,4584600,Worlds Edge Forgotten Empires CaptureAge Tantalus Media Wicked Witch Feral Interactive,7
952060,Resident Evil 3,2020-04-02,39.99,86,70071,2102130,CAPCOM Co Ltd,14
1778820,TEKKEN 8,2024-01-25,59.99,66,43267,1298010,Bandai Namco Studios Inc,34
3014080,The Hundred Line Last Defense Academy,2025-04-23,48.99,86,6459,193770,Too Kyo Games MediaVision Inc,14
1790600,DRAGON BALL Sparking ZERO,2024-10-10,49.99,83,48138,1444140,Spike Chunsoft Co Ltd,17
1426210,It Takes Two,2021-03-25,39.99,96,207367,6221010,Hazelight Studios,4
2379780,Balatro,2024-02-20,14.99,96,150246,4507380,LocalThunk,4
221040,Resident Evil 6,2013-03-21,19.99,72,45016,1350480,Capcom,28
1190970,House Flipper 2,2023-12-14,39.99,89,14593,437790,Frozen District,11
1722860,Munchkin Digital,2023-03-09,7.49,37,1294,38820,Dire Wolf,63
3070070,TCG Card Shop Simulator,2024-09-15,12.99,94,43984,1319520,OPNeon Games,6
380600,Fishing Planet,2017-08-28,0.0,86,550,16500,Fishing Planet LLC,14
1237970,Titanfall 2,2020-06-18,2.99,96,243563,7306890,Respawn Entertainment,4
202970,Call of Duty Black Ops II,2012-11-12,59.99,86,22497,674910,Treyarch,14
2849080,Kingdom Rush 5 Alliance TD,2024-07-25,10.99,80,9560,286800,Ironhide Game Studio,20
1238840,Battlefield 1,2020-06-11,1.99,79,185515,5565450,DICE,21
2062430,BALL x PIT,2025-10-15,11.99,93,21415,642450,Kenny Sun and Friends,7
1173800,FINAL FANTASY IV,2021-09-08,11.69,88,2549,76470,Square Enix,12
292120,FINAL FANTASY XIII,2014-10-09,6.39,78,15607,468210,Square Enix,22
594650,Hunt Showdown 1896,2019-08-27,29.99,76,206034,6181020,Crytek,24
312520,Rain World,2017-03-28,7.49,91,40614,1218420,Videocult,9
2552450,KINGDOM HEARTS III  Re Mind DLC,2024-06-13,29.99,93,1884,56520,Square Enix,7
2414270,Sunderfolk,2025-04-23,24.99,87,1571,47130,Secret Door,13
1203190,Wreckfest 2,2025-03-20,27.99,71,4702,141060,Bugbear,29
2502780,Rangers Path National Park Simulator,2026-03-10,17.99,83,212,6360,ToGo Games,17
1173810,FINAL FANTASY V,2021-11-10,11.69,87,2119,63570,Square Enix,13
22380,Fallout New Vegas,2010-10-19,9.99,93,204711,6141330,Obsidian Entertainment,7
962130,Grounded,2022-09-27,39.99,92,72888,2186640,Obsidian Entertainment,8
2966320,Starsand Island,2026-02-11,39.99,85,5704,171120,Seed Sparkle Lab,15
371970,Barony,2015-06-23,19.99,87,9839,295170,Turning Wheel LLC,13
1205970,MX vs ATV Legends,2022-06-28,9.99,89,3614,108420,Rainbow Studios,11
1173790,FINAL FANTASY III,2021-07-28,11.69,82,2402,72060,Square Enix,18
1363080,Manor Lords,2024-04-26,39.99,77,70932,2127960,Slavic Magic,23
1984270,Digimon Story Time Stranger,2025-10-02,69.99,87,14113,423390,MediaVision Inc,13
1659040,HITMAN World of Assassination,2022-01-20,29.99,89,51331,1539930,IO Interactive AS,11
393380,Squad,2020-09-23,49.99,79,172825,5184750,Offworld,21
285900,Gang Beasts,2017-12-12,19.99,90,51541,1546230,Boneloaf Rocket Science,10
1716740,Starfield,2023-09-05,69.99,61,111778,3353340,Bethesda Game Studios,39
2643390,Star Trek Voyager  Across the Unknown,2026-02-18,34.99,78,3037,91110,Gamexcite,22
65800,Dungeon Defenders,2011-10-18,2.99,96,11920,357600,Chromatic Games,4
2215430,Ghost of Tsushima DIRECTORS CUT,2024-05-16,59.99,92,58831,1764930,Sucker Punch Productions Nixxes Software,8
47890,The Sims 3,2011-01-27,19.99,75,30629,918870,The Sims Studio Maxis,25
431240,Golf With Your Friends,2020-05-19,7.19,87,48220,1446600,Blacklight Interactive Team17,13
1588550,Cairn,2026-01-29,29.99,94,13159,394770,The Game Bakers,6
1594320,Captain of Industry,2022-05-31,24.49,72,9611,288330,MaFi Games,28
2358720,Black Myth Wukong,2024-08-19,59.99,89,869480,26084400,Game Science,11
1295510,DRAGON QUEST XI S Echoes of an Elusive Age  Definitive Edition,2020-12-04,19.99,91,9838,295140,Square Enix,9
2168680,Nuclear Option,2023-10-15,17.99,94,7024,210720,Shockfront Studios,6
1260320,Party Animals,2023-09-20,19.99,85,54195,1625850,Recreate Games,15
2623190,The Elder Scrolls IV Oblivion Remastered,2025-04-22,49.99,58,56983,1709490,Bethesda Game Studios Virtuos,42
223750,DCS World Steam Edition,2013-08-02,0.0,82,694,20820,Eagle Dynamics SA,18
1671210,DELTARUNE,2025-06-04,24.99,97,89104,2673120,tobyfox,3
714010,Aimlabs,2023-06-16,0.0,80,261,7830,Statespace,20
1364780,Street Fighter 6,2023-06-01,39.99,76,44803,1344090,CAPCOM Co Ltd,24
2070270,Cloudheim,2025-12-04,19.79,83,1139,34170,Noodle Cat Games,17
655500,MX Bikes,2019-10-07,34.99,95,32325,969750,PiBoSo,5
1466860,Age of Empires IV Anniversary Edition,2021-10-28,39.99,83,68519,2055570,Worlds Edge Relic Entertainment Forgotten Empires Climax Studios,17
1222680,Need for Speed Heat,2020-06-04,3.49,84,120393,3611790,Ghost Games,16
3008130,Dying Light The Beast,2025-09-18,59.99,79,54257,1627710,Techland,21
2116120,Incursion Red River,2024-04-10,21.99,78,6863,205890,Games Of Tomorrow GmbH,22
2747330,Species Unknown,2025-10-23,9.99,94,5048,151440,WanadevStudio,6
2201320,Date Everything,2025-06-17,14.99,88,5853,175590,Sassy Chap Games,12
2429640,Throne and Liberty,2024-10-01,0.0,56,10830,324900,NC FirstSpark Games,44
2950340,LEGO Harry Potter Collection,2024-10-08,7.99,87,1110,33300,TT Games Double Eleven,13
3602570,Horsey Game,2026-02-18,9.99,97,432,12960,Captain Games,3
1922560,Plants vs Zombies Garden Warfare 2 Deluxe Edition,2022-05-16,2.99,85,41067,1232010,PopCap,15
3489700,Stellar Blade,2025-06-11,59.99,91,54485,1634550,SHIFT UP Corporation,9
2701660,DRAGON QUEST III HD2D Remake,2024-11-14,35.99,86,3754,112620,Square Enix ARTDINK,14
1888930,The Last of Us Part I,2023-03-28,59.99,95,59411,1782330,Naughty Dog LLC Iron Galaxy Studios,5
1237950,STAR WARS Battlefront II,2020-06-11,3.19,90,81437,2443110,DICE,10
2881650,Content Warning,2024-04-01,5.59,91,66039,1981170,Zorro Wilnyl Philip thePetHen Skog,9
703080,Planet Zoo,2019-11-05,44.99,89,77698,2330940,Frontier Developments,11
242760,The Forest,2018-04-30,19.99,95,564299,16928970,Endnight Games Ltd,5
1783560,The Last Caretaker,2025-11-06,34.99,78,8984,269520,Channel37 Ltd,22
1863430,Dragonkin The Banished,2025-03-06,24.99,88,941,28230,Eko Software,12
2141730,Backrooms Escape Together,2022-10-18,9.99,88,28635,859050,Triiodide Studios,12
1645820,SurrounDead,2022-06-24,11.99,92,20799,623970,Zurvivor,8
1030300,Hollow Knight Silksong,2025-09-04,19.99,91,364174,10925220,Team Cherry,9
374320,DARK SOULS III,2016-04-11,59.99,92,272981,8189430,FromSoftware Inc,8
3576870,Blossom The Seed of Life,2026-03-09,14.44,90,355,10650,Pebbledust Games,10
3035120,Is This Seat Taken,2025-08-07,6.99,96,6894,206820,Poti Poti Studio,4
3180070,No Im not a Human,2025-09-15,14.99,94,23393,701790,Trioskaz,6
413410,Danganronpa Trigger Happy Havoc,2016-02-18,7.99,95,32564,976920,Spike Chunsoft Co Ltd Abstraction Games,5
1374490,RuneScape Dragonwilds,2025-04-15,29.99,84,22028,660840,Jagex Ltd,16
289070,Sid Meiers Civilization VI,2016-10-20,59.99,90,269872,8096160,Firaxis Games Aspyr Mac Aspyr Linux,10
377840,FINAL FANTASY IX,2016-04-14,8.39,96,11686,350580,Square Enix,4
508440,Totally Accurate Battle Simulator,2021-04-01,6.79,96,135697,4070910,Landfall,4
292140,FINAL FANTASY XIII2,2014-12-11,7.99,51,4887,146610,Square Enix,49
268910,Cuphead,2017-09-29,19.99,96,184278,5528340,Studio MDHR Entertainment Inc,4
3228590,Deadzone Rogue,2025-08-11,24.99,86,12397,371910,Prophecy Games,14
225540,Just Cause 3,2015-11-30,2.99,91,102337,3070110,Avalanche Studios,9
1026680,FINAL FANTASY VIII  REMASTERED,2019-09-03,7.99,75,4485,134550,Square Enix,25
2238900,STAR OCEAN THE SECOND STORY R,2023-11-02,24.99,96,3062,91860,Square Enix Gemdrops Inc,4
517630,Just Cause 4 Reloaded,2018-12-04,0.0,68,22696,680880,Avalanche Studios,32
1527950,Wartales,2023-04-12,13.99,67,30512,915360,Shiro Games,33
1676840,For The King II,2023-11-02,9.99,73,11941,358230,IronOak Games,27
3159330,Assassins Creed Shadows,2025-03-19,69.99,66,30843,925290,Ubisoft Quebec Ubisoft Belgrade Ubisoft Bordeaux Ubisoft Bucharest  Craiova Ubisoft Chengdu Ubisoft Montpellier Ubisoft Montreal Ubisoft Osaka Ubisoft Philippines Ubisoft Shanghai Ubisoft Singapore Ubisoft Sofia Ubisoft Ukraine,34
49520,Borderlands 2,2012-09-17,8.79,92,214260,6427800,Gearbox Software Aspyr Mac Aspyr Linux,8
1173770,FINAL FANTASY,2021-07-28,7.79,98,7385,221550,Square Enix,2
42700,Call of Duty Black Ops,2010-11-09,39.99,88,21464,643920,Treyarch,12
2996040,Teenage Mutant Ninja Turtles Splintered Fate,2024-11-06,7.49,87,2729,81870,Super Evil Megacorp,13
307690,Sleeping Dogs Definitive Edition,2014-10-08,2.99,97,66493,1994790,United Front Games Feral Interactive Mac,3
3364070,The Jackbox Party Pack 11,2025-10-22,29.99,72,356,10680,Jackbox Games Inc,28
304240,Resident Evil,2015-01-19,19.99,92,23686,710580,CAPCOM Co Ltd,8
567640,Danganronpa V3 Killing Harmony,2017-09-25,7.99,81,20318,609540,Spike Chunsoft Co Ltd,19
2794590,Scam Line,2026-01-10,4.99,85,495,14850,RavenJm,15
1107320,OUTBRK,2024-06-28,34.99,84,2607,78210,Sublime,16
1222700,A Way Out,2020-06-18,2.99,88,72109,2163270,Hazelight Studios,12
2567870,Chained Together,2024-06-19,4.99,84,51146,1534380,Anegar Games,16
552500,Warhammer Vermintide 2,2018-03-08,2.99,85,89798,2693940,Fatshark,15
2531310,The Last of Us Part II Remastered,2025-04-03,49.99,90,28712,861360,Naughty Dog LLC Nixxes Software Iron Galaxy Studios,10
2142790,Fields of Mistria,2024-08-05,13.99,97,24288,728640,NPC Studio,3
2101390,Lost and Found Co,2026-03-05,16.19,96,772,23160,Bit Egg Inc,4
936790,Life is Strange True Colors,2021-09-09,17.99,88,12015,360450,Deck Nine,12
1127400,Mindustry,2019-09-26,2.99,94,21988,659640,AnukenDev,6
400750,Call to Arms  Gates of Hell Ostfront,2021-06-11,34.99,86,28819,864570,Barbedwire Studios Digitalmindsoft,14
924970,Back 4 Blood,2021-10-12,5.99,70,54232,1626960,Turtle Rock Studios,30
1011670,Totally Reliable Delivery Service,2021-04-01,2.24,56,1551,46530,Were Five Games,44
1913370,OPERATOR,2023-08-01,19.99,88,3709,111270,VECTOR INTERACTIVE PTY LTD,12
1599600,PlateUp,2022-08-04,5.99,90,17543,526290,Its happening,10
1643320,STALKER 2 Heart of Chornobyl,2024-11-20,59.99,75,99533,2985990,GSC Game World,25
2640950,Scott Pilgrim EX,2026-03-02,28.99,85,308,9240,Tribute Games Inc,15
850190,Goat Simulator 3,2024-02-15,11.99,97,12550,376500,Coffee Stain North,3
2350790,Moonlighter 2 The Endless Vault,2025-11-19,23.99,82,1911,57330,Digital Sun,18
1533390,Gorilla Tag,2023-01-01,19.99,93,47405,1422150,Another Axiom Inc,7
2541530,AETHUS,2026-03-06,15.99,95,665,19950,Pawsmonaut Games,5
1041720,Kingdoms of Amalur ReReckoning,2020-09-08,9.99,89,5999,179970,KAIKO Big Huge Games 38 Studios,11
3450310,Europa Universalis V,2025-11-04,59.99,45,21801,654030,Paradox Tinto,55
292030,The Witcher 3 Wild Hunt,2015-05-18,39.99,95,809055,24271650,CD PROJEKT RED,5
1217060,Gunfire Reborn,2021-11-17,19.99,86,87602,2628060,Gunfire Reborn Studio,14
2688950,Planet Coaster 2,2024-11-06,49.99,81,11270,338100,Frontier Developments,19
2399420,Le Mans Ultimate,2025-07-22,39.99,72,12166,364980,Studio 397,28
2737070,Crime Simulator,2025-06-17,14.99,85,4499,134970,CookieDev,15
2064610,Relic Guardian  Tower Defense,2025-10-22,14.99,96,669,20070,Mystrigger,4
345350,LIGHTNING RETURNS FINAL FANTASY XIII,2015-12-10,7.99,69,3969,119070,Square Enix,31
3767740,Outhold,2025-12-12,5.24,84,1155,34650,Tellus Games,16
1238060,Dead Space 3,2020-06-18,3.99,60,11324,339720,Visceral Games,40
367520,Hollow Knight,2017-02-24,14.99,96,475647,14269410,Team Cherry,4
3398110,The Walking Trade,2026-03-05,8.99,84,870,26100,Microwave Games,16
2943650,FragPunk,2025-03-06,0.0,78,1623,48690,Bad Guitar Studio,22
1173780,FINAL FANTASY II,2021-07-28,7.79,97,2933,87990,Square Enix,3
204360,Castle Crashers,2012-09-26,14.99,95,105576,3167280,The Behemoth,5
1934680,Age of Mythology Retold,2024-09-04,29.99,87,19108,573240,Worlds Edge Forgotten Empires Tantalus Media CaptureAge Virtuos Games,13
1621690,Core Keeper,2024-08-27,19.99,91,47387,1421610,Pugstorm,9
617290,Remnant From the Ashes,2019-08-19,3.99,74,45623,1368690,Gunfire Games,26
613830,CHRONO TRIGGER,2018-02-27,7.49,88,11410,342300,Square Enix,12
3097300,Creature Kitchen,2026-02-06,7.99,99,3126,93780,The Rat Zone,1
1824220,Chivalry 2,2022-06-12,39.99,76,42399,1271970,Torn Banner Studios,24
3274580,Anno 117 Pax Romana,2025-11-12,59.99,57,10524,315720,Ubisoft Mainz,43
1569580,Blue Prince,2025-04-10,29.99,82,15020,450600,Dogubomb,18
339340,Resident Evil 0,2016-01-19,19.99,76,12081,362430,CAPCOM Co Ltd,24
880940,Pummel Party,2018-09-20,14.99,84,45020,1350600,Rebuilt Games,16
1999360,Placid Plastic Duck Simulator,2022-07-06,0.99,96,17104,513120,turbolento games,4
1817070,Marvels SpiderMan Remastered,2022-08-12,59.99,96,91197,2735910,Insomniac Games Nixxes Software,4
1868140,DAVE THE DIVER,2023-06-28,19.99,94,130406,3912180,MINTROCKET,6
1281040,Baby Steps,2025-09-23,12.99,84,1820,54600,Gabe Cuzzillo Maxi Boch Bennett Foddy,16
3645890,GONE Fishing,2025-06-15,9.99,92,2098,62940,GONE Studios,8
620980,Beat Saber,2019-05-21,29.99,92,69263,2077890,Beat Games,8
2373990,Solo Leveling ARISE OVERDRIVE,2025-11-24,39.99,70,5832,174960,Netmarble Neo,30
1846380,Need for Speed Unbound,2022-12-01,6.99,57,46156,1384680,Criterion Games,43
2124120,SULFUR,2024-10-28,14.74,80,7249,217470,Perfect Random,20
1451090,Tactics Ogre Reborn,2022-11-11,19.99,85,3798,113940,Square Enix,15
2956680,LORT,2026-01-21,14.99,83,2759,82770,Big Distraction,17
1604030,V Rising,2024-05-08,34.99,87,107132,3213960,Stunlock Studios,13
322330,Dont Starve Together,2016-04-21,14.99,89,363236,10897080,Klei Entertainment,11
573090,Stormworks Build and Rescue,2020-09-17,24.99,92,52111,1563330,Geometa,8
784080,MechWarrior 5 Mercenaries,2021-05-26,29.99,89,12202,366060,Piranha Games Inc,11
220200,Kerbal Space Program,2015-04-27,39.99,97,108402,3252060,Squad,3
2198150,Tiny Glade,2024-09-23,14.99,96,21345,640350,Pounce Light,4
1888160,ARMORED CORE VI FIRES OF RUBICON,2023-08-24,59.99,90,64712,1941360,FromSoftware Inc,10
1203220,NARAKA BLADEPOINT,2021-08-11,0.0,65,197558,5926740,24 Entertainment,35
1757300,Jump Space,2025-09-19,19.99,79,8535,256050,Keepsake Games,21
392160,X4 Foundations,2018-11-30,49.99,77,23224,696720,Egosoft,23
961200,Predecessor,2024-08-20,0.0,63,8411,252330,Omeda Studios,37
1845910,Dragon Age The Veilguard,2024-10-31,20.99,62,40213,1206390,BioWare,38
218620,PAYDAY 2,2013-08-13,9.99,91,442710,13281300,OVERKILL  a Starbreeze Studio,9
1820000,Homura Hime,2026-03-04,22.49,89,997,29910,Crimson Dusk,11
244850,Space Engineers,2019-02-28,19.99,88,101554,3046620,Keen Software House,12
570940,DARK SOULS REMASTERED,2018-05-23,39.99,92,94613,2838390,QLOC FromSoftware Inc,8
2417610,METAL GEAR SOLID  SNAKE EATER,2025-08-28,69.99,77,11171,335130,KONAMI,23
690790,DiRT Rally 20,2019-02-25,13.99,89,37939,1138170,Codemasters,11
3846120,MineMogul,2025-12-04,14.99,96,3138,94140,NoodleForge Gvarados  Diomonder,4
3293260,Waterpark Simulator,2025-08-22,12.99,96,8669,260070,CayPlay,4
2780980,LOCKDOWN Protocol,2025-11-18,9.99,84,15590,467700,Mirage Creative Lab,16
881020,Granblue Fantasy Relink,2024-01-31,39.99,92,37698,1130940,Cygames Inc,8
965580,Root,2020-09-24,7.49,87,4681,140430,Dire Wolf,13
2231380,Tom Clancys Ghost Recon Breakpoint,2023-01-23,59.99,75,38046,1141380,Ubisoft Paris,25
1766060,HumanitZ,2026-02-06,19.99,74,8810,264300,Yodubzz Studios,26
1238860,Battlefield 4,2020-06-11,1.99,75,64810,1944300,DICE,25
774801,Crab Champions,2023-04-01,6.99,99,25466,763980,Noisestorm,1
1238810,Battlefield V,2020-10-22,2.49,58,229055,6871650,DICE,42
1089090,ONE PIECE PIRATE WARRIORS 4,2023-09-14,9.99,93,16685,500550,Koei Tecmo,7
460930,Tom Clancys Ghost Recon Wildlands,2017-03-06,49.99,76,88621,2658630,Ubisoft Paris Ubisoft Annecy Ubisoft Bucharest Ubisoft Montpellier Ubisoft Milan Reflections Ubisoft Belgrade,24
1158160,Coral Island,2023-11-14,29.99,89,20313,609390,Stairway Games,11
361420,ASTRONEER,2019-02-05,29.99,89,116395,3491850,System Era Softworks,11
3115220,Town to City,2025-09-16,21.24,95,4946,148380,Galaxy Grove,5
2273980,Orcs Must Die Deathtrap,2025-01-28,14.99,67,3776,113280,Robot Entertainment,33
2879840,Escape Simulator 2,2025-10-27,19.99,93,3488,104640,Pine Studio,7
2104890,RoadCraft,2025-05-20,39.99,67,12269,368070,Saber Interactive,33
1657630,Slime Rancher 2,2025-09-23,29.99,91,40668,1220040,Monomi Park,9
1211020,Wobbly Life,2025-09-18,16.24,97,30309,909270,RubberBandGames,3
3057670,Pluto,2026-03-09,14.39,95,220,6600,Siege Wizard Interactive,5
2646460,Soulmask,2024-05-30,29.99,79,14281,428430,CampFire Studio,21
1384160,GUILTY GEAR STRIVE,2021-06-11,39.99,87,45545,1366350,Arc System Works,13
686810,Hell Let Loose,2021-07-27,49.99,77,96317,2889510,Expression Games,23
1975580,Wild Woods,2024-12-09,4.94,71,1425,42750,Octofox Games,29
2499860,DRAGON QUEST VII Reimagined,2026-02-05,59.99,87,1641,49230,Square Enix HEXADRIVE Inc,13
4015530,MyVoiceZoo,2025-09-26,2.99,92,2040,61200,TRUSO,8
2947440,SILENT HILL f,2025-09-24,69.99,78,16192,485760,NeoBards Entertainment Ltd,22
2933620,Call of Duty Black Ops 6,2024-11-01,69.99,40,13189,395670,Treyarch Raven Software Beenox High Moon Studios Sledgehammer Games Infinity Ward Activision Shanghai Demonware,60
314650,SpaceEngine,2019-06-11,29.99,96,14035,421050,Cosmographic Software,4
1229240,Chained Echoes,2022-12-08,9.99,77,7280,218400,Umami Tiger Matthias Linda,23
434170,The Jackbox Party Pack 3,2016-10-17,24.99,100,5065,151950,Jackbox Games Inc,0
2071280,Ravenswatch,2024-09-26,24.99,76,15310,459300,Passtech Games,24
454650,DRAGON BALL XENOVERSE 2,2016-10-27,19.99,90,41838,1255140,QLOC Dimps Corporation,10
594570,Total War WARHAMMER II,2017-09-28,59.99,90,87707,2631210,CREATIVE ASSEMBLY Feral Interactive Mac Feral Interactive Linux,10
2487300,Docked,2026-03-05,29.99,65,755,22650,Saber Interactive,35
1617400,The Bazaar,2025-08-13,19.99,57,11014,330420,Tempo,43
2404880,Car Dealer Simulator,2025-05-29,15.99,85,7640,229200,Garage Monkeys,15
552700,WORLD OF FINAL FANTASY,2017-11-21,9.99,74,2814,84420,Square Enix,26
3226450,iRacing Arcade,2026-03-03,24.99,72,695,20850,Original Fire Games iRacing,28
2835570,Buckshot Roulette,2024-04-04,1.79,93,100219,3006570,Mike Klubnika,7
3314070,The Sims 2 Legacy Collection,2025-01-31,17.99,80,4092,122760,MAXIS,20
10180,Call of Duty Modern Warfare 2 2009,2009-11-11,19.99,95,34762,1042860,Infinity Ward,5
1149620,Gas Station Simulator,2021-09-15,19.99,91,23258,697740,DRAGO entertainment,9
2436570,DRAGON QUEST BUILDERS,2024-02-13,13.99,93,580,17400,Square Enix,7
805550,Assetto Corsa Competizione,2019-05-29,39.99,93,30724,921720,Kunos Simulazioni,7
1240440,Halo Infinite,2021-11-15,0.0,58,34076,1022280,343 Industries,42
753640,Outer Wilds,2020-06-18,24.99,94,82065,2461950,Mobius Digital,6
2138720,REMATCH,2025-06-19,26.79,67,34382,1031460,Sloclap,33
3059070,The Headliners,2025-01-30,7.99,87,7768,233040,KAFI,13
342940,Project Gorgon,2026-01-28,24.99,89,3981,119430,Elder Game LLC,11
2607060,From Glory To Goo,2024-04-02,7.79,96,1349,40470,Stratagem Blue,4
2772990,Ghost Janitors,2025-11-08,8.99,83,470,14100,Interactive Wave Studio,17
3172700,Banquet for Fools,2026-03-05,16.99,86,486,14580,Hannah and Joseph Games,14
47780,Dead Space 2,2011-01-25,3.99,89,24234,727020,Visceral Games,11
435150,Divinity Original Sin 2  Definitive Edition,2017-09-14,44.99,92,175935,5278050,Larian Studios,8
359320,Elite Dangerous,2015-04-02,19.99,74,80262,2407860,Frontier Developments,26
3370870,Berry Bury Berry,2026-01-29,7.99,98,4023,120690,GetColor Games,2
761890,Albion Online,2018-05-16,0.0,72,1885,56550,Sandbox Interactive GmbH,28
2486820,Sonic Racing CrossWorlds,2025-09-25,69.99,89,9829,294870,Sonic Team,11
3314790,CloverPit,2025-09-26,9.99,91,20700,621000,Panik Arcade,9
459820,Crush Crush,2016-10-18,0.0,84,562,16860,Sad Panda Studios,16
1211630,The Jackbox Party Pack 7,2020-10-14,29.99,90,3931,117930,Jackbox Games Inc,10
1702010,Sengoku Dynasty,2024-11-07,17.99,69,6093,182790,Superkami,31
1286220,Sea Power  Naval Combat in the Missile Age,2024-11-12,49.99,88,4831,144930,Triassic Games,12
2878600,Harry Potter Quidditch Champions,2024-09-03,5.99,65,2678,80340,Unbroken Studios,35
1985810,Call of Duty Black Ops Cold War,2023-03-08,59.99,83,20374,611220,Treyarch Raven Software High Moon Studios Beenox Activision Shanghai Sledgehammer Games,17
424840,Little Nightmares,2017-04-27,4.99,96,50784,1523520,Tarsier Studios,4
1850510,TRIANGLE STRATEGY,2022-10-13,23.99,93,3017,90510,Square Enix ARTDINK,7
1796470,Haste,2025-04-01,13.99,89,10974,329220,Landfall,11
2648050,Sam  Max The Devils Playhouse,2024-08-14,14.99,91,361,10830,Skunkape Games,9
1627720,Lies of P,2023-09-18,59.99,88,53788,1613640,NEOWIZ,12
2698940,The Crew Motorfest,2024-04-18,69.99,71,18589,557670,Ubisoft Ivory Tower,29
2507820,Bloodgrounds,2026-03-12,9.99,81,328,9840,Exordium Games,19
1593500,God of War,2022-01-14,49.99,95,123557,3706710,Santa Monica Studio Jetpack Interactive,5
582010,Monster Hunter World,2018-08-08,29.99,88,312403,9372090,CAPCOM Co Ltd,12
1517290,Battlefield 2042,2021-11-19,2.99,59,257423,7722690,DICE,41
2101960,Cronos The New Dawn,2025-09-05,59.99,84,6300,189000,Bloober Team,16
227300,Euro Truck Simulator 2,2012-10-12,19.99,95,749693,22490790,SCS Software,5
2119830,MISERY,2025-10-23,12.99,79,14823,444690,Platypus Entertainment,21
1432860,Sun Haven,2023-03-10,12.49,66,21206,636180,Pixel Sprout Studios,34
620,Portal 2,2011-04-18,9.99,98,379913,11397390,Valve,2
391540,Undertale,2015-09-15,2.49,96,284695,8540850,tobyfox,4
2490990,Visions of Mana,2024-08-29,29.99,77,1990,59700,Square Enix,23
680420,OUTRIDERS,2021-04-01,7.99,79,45896,1376880,People Can Fly,21
1486920,Tempest Rising,2025-04-24,29.99,84,9144,274320,Slipgate Ironworks,16
997010,Police Simulator Patrol Officers,2022-11-10,29.99,73,17802,534060,Aesir Interactive,27
1592190,BONELAB,2022-09-29,39.99,94,17097,512910,Stress Level Zero,6
1794680,Vampire Survivors,2022-10-20,4.99,95,246806,7404180,poncle,5
3156770,Witchfire,2024-09-23,39.99,90,13415,402450,The Astronauts,10
629730,Blade and Sorcery,2024-06-17,29.99,94,57519,1725570,WarpFrog,6
333640,Caves of Qud,2024-12-05,23.99,90,11303,339090,Freehold Games,10
814380,Sekiro Shadows Die Twice  GOTY Edition,2019-03-21,59.99,94,251002,7530060,FromSoftware Inc,6
546560,HalfLife Alyx,2020-03-23,59.99,96,90346,2710380,Valve,4
1367550,Kingdom Rush Vengeance  Tower Defense,2020-10-15,9.99,93,9444,283320,Ironhide Game Studio,7
2124490,SILENT HILL 2,2024-10-07,69.99,92,38421,1152630,Bloober Team SA,8
1997660,GreedFall The Dying World,2026-03-10,49.99,76,696,20880,Spiders,24
3556750,Warhammer 40000 Dawn of War  Definitive Edition,2025-08-14,29.99,89,10428,312840,Relic Entertainment,11
1816300,HARVESTELLA,2022-11-04,23.99,78,2008,60240,Square Enix,22
835570,Conquerors Blade,2020-04-05,0.0,67,4095,122850,Booming Tech,33
1154030,Titan Quest II,2025-08-01,27.99,77,15094,452820,Grimlore Games,23
926990,WolfQuest Anniversary Edition,2025-07-22,29.99,95,10702,321060,eduweb,5
492720,Tropico 6,2019-03-29,11.99,88,19246,577380,Limbic Entertainment Realmforge Studios,12
1250410,Microsoft Flight Simulator 2020 40th Anniversary Edition,2020-08-17,59.99,66,67918,2037540,Asobo Studio,34
1588530,Dungeon Alchemist,2022-03-31,35.99,91,2471,74130,Briganti,9
293760,Automation  The Car Company Tycoon Game,2015-03-12,29.99,96,15727,471810,Camshaft Software Ltd,4
3361510,Coal LLC,2025-09-11,14.99,90,874,26220,Bye Bye Ocean,10
505460,Foxhole,2022-09-28,29.99,64,44061,1321830,Siege Camp,36
379430,Kingdom Come Deliverance,2018-02-13,29.99,82,136417,4092510,Warhorse Studios,18
815370,Green Hell,2019-09-05,2.49,80,71698,2150940,Creepy Jar,20
4206270,Wireworks,2026-03-09,5.59,90,133,3990,JJJ,10
1812370,Little Goody Two Shoes,2023-11-07,9.99,90,1967,59010,AstralShift,10
341800,Keep Talking and Nobody Explodes,2015-10-08,14.99,97,13925,417750,Steel Crate Games,3
2916430,Fast Food Simulator,2024-12-10,14.99,71,7657,229710,No Ceiling Games,29
24200,DC Universe Online,2011-11-02,0.0,75,215,6450,Dimensional Ink Games,25
1557740,ROUNDS,2021-04-01,2.99,96,33472,1004160,Landfall,4
2356560,Monster Hunter Stories,2024-06-13,29.99,85,1274,38220,CAPCOM Co Ltd,15
1040200,Crime Scene Cleaner,2024-08-14,24.99,98,27610,828300,President Studio,2
477160,Human Fall Flat,2016-07-22,5.99,92,171546,5146380,No Brakes Games,8
1699480,KLETKA,2026-02-19,9.99,85,5112,153360,Callback ln404,15
1262560,Need for Speed Most Wanted,2020-06-18,3.99,78,22647,679410,Criterion Games,22
581320,Insurgency Sandstorm,2018-12-12,29.99,78,102381,3071430,New World Interactive,22
611790,House Party,2022-07-15,24.99,69,13844,415320,Eek Games LLC,31
1114150,CarX Street,2024-08-29,19.99,76,16087,482610,CarX Technologies LLC,24
1118200,People Playground,2019-07-23,9.99,97,288135,8644050,mestiez,3
667970,VTOL VR,2017-08-03,29.99,98,19203,576090,Boundless Dynamics LLC,2
1680880,Forspoken,2023-01-24,20.99,90,5281,158430,Square Enix,10
690830,Foundation,2025-01-31,23.44,90,22220,666600,Polymorph Games,10
1996390,Escape from Ever After,2026-01-23,19.99,95,1090,32700,Sleepy Castle Studio WingIt Creative,5
2625420,Drive Beyond Horizons,2025-03-24,24.99,71,15399,461970,Drive Beyond Horizons,29
3226530,Tower Dominion,2025-05-07,11.36,78,4441,133230,Parallel 45 Games,22
12210,Grand Theft Auto IV The Complete Edition,2020-03-24,19.99,87,169171,5075130,Rockstar North Rockstar Toronto,13
493520,GTFO,2021-12-09,39.99,76,44840,1345200,10 Chambers,24
3720460,KEEP GAMBLING,2025-12-16,7.77,69,552,16560,WIRED FEELINGS,31
1583230,High On Life,2022-12-13,39.99,88,19209,576270,Squanch Games Inc,12
2288470,Aethermancer,2025-09-23,17.59,93,2000,60000,moi rai games,7
1637320,Dome Keeper,2022-09-27,17.99,91,16108,483240,Bippinbits,9
1139980,Travellers Rest,2020-07-28,13.49,91,14918,447540,Isolated Games,9
1145360,Hades,2020-09-17,24.99,94,276875,8306250,Supergiant Games,6
1522820,Orcs Must Die 3,2021-07-23,5.99,77,10705,321150,Robot Entertainment,23
1435790,Escape Simulator,2021-10-19,19.99,91,16053,481590,Pine Studio,9
588650,Dead Cells,2018-08-06,24.99,94,151889,4556670,Motion Twin,6
1657740,Mr Sleepy Man,2026-03-10,16.99,98,182,5460,Devin Santi,2
2444750,Shape of Dreams,2025-09-10,24.99,91,13889,416670,Lizard Smoothie,9
1647550,NEO The World Ends with You,2022-10-19,23.99,92,862,25860,Square Enix hand,8
2352620,Fellowship,2025-10-16,24.99,74,14357,430710,Chief Rebel,26
1332010,Stray,2022-07-19,29.99,96,149866,4495980,BlueTwelve Studio,4
22370,Fallout 3 Game of the Year Edition,2009-12-17,19.99,82,43078,1292340,Bethesda Game Studios,18
1929610,Demonologist,2023-09-25,19.99,81,18293,548790,Clock Wizard Games,19
42680,Call of Duty Modern Warfare 3 2011,2011-11-08,39.99,93,14951,448530,Infinity Ward Sledgehammer Games,7
1817190,Marvels SpiderMan Miles Morales,2022-11-18,49.99,93,35466,1063980,Insomniac Games Nixxes Software,7
1171690,Wayfinder,2024-10-21,3.74,71,24291,728730,Airship Syndicate,29
2459550,Emberward,2024-06-25,11.99,90,3481,104430,Refic Games,10
495420,State of Decay 2 Juggernaut Edition,2020-03-13,29.99,83,56451,1693530,Undead Labs,17
1449110,The Outer Worlds 2,2025-10-29,69.99,64,7307,219210,Obsidian Entertainment,36
2362060,CODE VEIN II,2026-01-29,69.99,75,3993,119790,Bandai Namco Studios Inc,25
1262350,SIGNALIS,2022-10-27,19.99,94,28134,844020,roseengine,6
2001070,Heart of the Machine,2026-03-06,14.99,87,1619,48570,Arcen Games,13
1971870,Mortal Kombat 1,2023-09-19,49.99,82,30402,912060,NetherRealm Studios QLOC,18
1238000,Mass Effect Andromeda Deluxe Edition,2020-06-11,3.99,65,15912,477360,BioWare,35
2479650,SpongeBob SquarePants Titans of the Tide,2025-11-18,26.79,94,889,26670,Purple Lamp,6
2106840,PARANORMASIGHT The Seven Mysteries of Honjo,2023-03-08,9.99,96,5413,162390,Square Enix,4
2133760,Tiny Bookshop,2025-08-07,19.99,95,5749,172470,neoludic games,5
2009350,Out of Ore,2022-10-31,24.99,74,3545,106350,North Modding Company AB,26
1259420,Days Gone,2021-05-17,39.99,91,79218,2376540,Bend Studio,9
1288320,Way of the Hunter,2022-08-16,7.49,84,8100,243000,Nine Rocks Games,16
1164940,Trepang2,2023-06-21,10.19,92,13966,418980,Trepang Studios,8
2051620,Enlisted,2024-07-16,0.0,80,253,7590,Darkflow Software,20
1119730,Ranch Simulator Build Hunt Farm,2023-11-03,24.99,79,37252,1117560,Toxic Dog,21
17390,SPORE,2008-12-19,4.99,93,64531,1935930,Maxis,7
3258290,Equinox Homecoming,2026-03-05,14.99,80,869,26070,Blue Scarab Entertainment,20
1225570,Unravel Two,2020-06-04,2.99,79,6869,206070,Coldwood Interactive,21
470220,UNO,2017-01-03,9.99,48,41642,1249260,Ubisoft Entertainment,52
230290,Universe Sandbox,2015-08-24,29.99,96,26231,786930,Giant Army,4
848450,Subnautica Below Zero,2021-05-13,29.99,87,93469,2804070,Unknown Worlds Entertainment,13
532210,Life is Strange 2,2018-09-26,0.0,90,22018,660540,DONTNOD Entertainment Feral Interactive Mac Feral Interactive Linux,10
444200,World of Tanks Blitz,2016-11-09,0.0,64,928,27840,Wargaming Group Limited,36
1677280,Company of Heroes 3,2023-02-23,59.99,68,22603,678090,Relic Entertainment,32
1133870,Space Engineers 2,2025-01-27,29.99,67,3711,111330,Keen Software House,33
2000950,Call of Duty Modern Warfare,2023-03-08,59.99,81,23556,706680,Infinity Ward Beenox High Moon Studios Raven Software,19
606160,ROUTINE,2025-12-04,24.99,91,5281,158430,Lunar Software,9
208650,Batman Arkham Knight,2015-06-23,19.99,95,105650,3169500,Rocksteady Studios,5
356190,Middleearth Shadow of War,2017-10-09,49.99,88,85250,2557500,Monolith Productions,12
1243830,Overcooked All You Can Eat,2021-03-23,39.99,65,5168,155040,Team17 Digital Ghost Town Games,35
2185060,Two Point Museum,2025-03-04,29.99,96,8229,246870,Two Point Studios,4
200210,Realm of the Mad God Exalt,2012-02-20,0.0,55,194,5820,Wild Shadow Studios Deca Live Operations GmbH,45
1440440,Sam  Max Save the World,2020-12-02,9.99,97,1572,47160,Skunkape Games,3
1548850,Six Days in Fallujah,2023-06-22,39.99,55,12582,377460,Highwire Games,45
860510,Little Nightmares II,2021-02-10,9.89,89,47539,1426170,Tarsier Studios,11
1850570,DEATH STRANDING DIRECTORS CUT,2022-03-30,39.99,89,43900,1317000,KOJIMA PRODUCTIONS,11
2475490,Mouthwashing,2024-09-26,9.09,94,32118,963540,Wrong Organ,6
975370,Dwarf Fortress,2022-12-06,23.99,93,28605,858150,Bay 12 Games,7
2191500,Vampires Bloodlord Rising,2026-01-30,19.99,74,1161,34830,Mehuman Games,26
292730,Call of Duty Infinite Warfare,2016-11-03,59.99,90,16800,504000,Infinity Ward,10
2455640,Romancing SaGa 2 Revenge of the Seven,2024-10-24,29.99,91,3673,110190,Square Enix xeen Inc,9
1604270,Broken Arrow,2025-06-19,49.99,55,24851,745530,Steel Balalaika,45
2993780,FANTASY LIFE i The Girl Who Steals Time,2025-05-21,59.99,86,11424,342720,LEVEL5 Inc,14
212500,The Lord of the Rings Online,2012-06-06,0.0,85,171,5130,Standing Stone Games,15
1641960,Forever Skies,2025-04-14,16.49,62,7415,222450,Far From Home,38
1263240,Skate Story,2025-12-08,15.99,98,2037,61110,by Sam Eng,2
678950,DRAGON BALL FighterZ,2018-01-26,14.39,91,53794,1613820,Arc System Works,9
3917090,Assetto Corsa Rally,2025-11-13,29.99,86,6932,207960,Supernova Games Studios,14
2457220,Avowed,2025-02-18,49.99,76,11429,342870,Obsidian Entertainment,24
8930,Sid Meiers Civilization V,2010-09-21,29.99,93,126590,3797700,Firaxis Games Aspyr Mac Aspyr Linux,7
427730,Whos Your Daddy,2016-05-13,9.99,80,25371,761130,Evil Tortilla Games,20
1248130,Farming Simulator 22,2021-11-21,19.99,95,67214,2016420,Giants Software,5
504230,Celeste,2018-01-25,4.99,97,123311,3699330,Maddy Makes Games Inc Extremely OK Games Ltd,3
1611600,WARNO,2024-05-23,39.99,81,13324,399720,Eugen Systems,19
364360,Total War WARHAMMER,2016-05-24,59.99,88,32499,974970,CREATIVE ASSEMBLY Feral Interactive Linux Feral Interactive Mac,12
413420,Danganronpa 2 Goodbye Despair,2016-04-18,1.99,94,27819,834570,Spike Chunsoft Co Ltd Abstraction Games,6
872670,SCP 5K,2022-02-22,19.99,82,11745,352350,Affray Interactive,18
1266700,Destroy All Humans 2  Reprobed,2022-08-30,9.99,80,2168,65040,Black Forest Games,20
1029780,Going Medieval,2021-06-01,29.99,80,15668,470040,Foxy Voxel,20
228380,Wreckfest,2018-06-14,11.99,83,29830,894900,Bugbear,17
1273400,Construction Simulator,2022-09-20,34.99,85,9562,286860,weltenbauer Software Entwicklung GmbH,15
1898300,ASKA,2024-06-20,24.99,76,9587,287610,Sand Sailor Studio,24
2175540,DRAGON QUEST MONSTERS The Dark Prince,2024-09-11,19.99,75,793,23790,Square Enix,25
3028310,Nordhold,2025-03-25,11.99,86,2692,80760,StunForge,14
219990,Grim Dawn,2016-02-25,24.99,92,88051,2641530,Crate Entertainment,8
1607680,Bread  Fred,2023-05-23,7.49,67,4065,121950,SandCastles Studio,33
368260,Marvels Midnight Suns,2022-12-01,15.99,84,16315,489450,Firaxis Games,16
2014380,LIVE A LIVE,2023-04-27,19.99,70,702,21060,Square Enix historia Inc,30
747660,Five Nights at Freddys Security Breach,2021-12-16,39.99,88,63599,1907970,Steel Wool Studios,12
3707400,OnTogether Virtual CoWorking,2026-01-19,9.99,94,855,25650,GigaPuff,6
2903950,Master Detective Archives RAIN CODE Plus,2024-07-17,23.99,79,1787,53610,Spike Chunsoft Co Ltd,21
3669570,Alchemy Factory,2025-12-11,17.99,88,1847,55410,D5 Copperhead,12
2131680,METAL GEAR  METAL GEAR 2 Solid Snake,2023-10-24,19.99,78,591,17730,KONAMI,22
1501750,Lords of the Fallen,2023-10-13,29.99,76,33242,997260,CI Games,24
3215050,Surviving Mars Relaunched,2025-11-10,39.99,66,1800,54000,Haemimont Games,34
1274600,The Last Faith,2023-11-15,12.59,92,4118,123540,Kumi Souls Games,8
424030,War of Rights,2018-12-03,29.99,95,12865,385950,Campfire Games,5
305620,The Long Dark,2017-08-01,19.99,84,105157,3154710,Hinterland Studio Inc,16
1747050,Sam  Max Beyond Time and Space,2021-12-08,9.99,99,428,12840,Skunkape Games,1
2321470,Deep Rock Galactic Survivor,2025-09-17,9.09,81,44480,1334400,Funday Games,19
466560,Northgard Definitive Edition,2018-03-07,13.99,68,53834,1615020,Shiro Games,32
513710,SCUM,2025-06-17,44.99,75,95520,2865600,Gamepires,25
2726490,Hamster Hunter,2023-12-31,4.99,96,1672,50160,Hamuno,4
3656800,Train Sim World 6,2025-09-30,39.99,80,1134,34020,Dovetail Games,20
214950,Total War ROME II  Emperor Edition,2013-09-02,59.99,92,56716,1701480,CREATIVE ASSEMBLY Feral Interactive,8
568220,Lobotomy Corporation  Monster Management Simulation,2018-04-09,24.99,95,47733,1431990,ProjectMoon,5
1066890,Automobilista 2,2020-06-30,39.99,92,10975,329250,Reiza Studios,8
109600,Neverwinter,2013-12-05,0.0,70,296,8880,Cryptic Studios,30
502500,ACE COMBAT 7 SKIES UNKNOWN,2019-01-31,59.99,89,43885,1316550,Bandai Namco Studios Inc,11
457140,Oxygen Not Included,2019-07-30,24.99,96,130111,3903330,Klei Entertainment,4
3483740,Cast n Chill,2025-06-16,14.99,94,6671,200130,Wombat Brawler,6
544750,SOULCALIBUR VI,2018-10-18,5.99,91,9529,285870,BANDAI NAMCO Studios Inc Dimps Corporation,9
1451190,Undisputed,2024-10-08,49.99,46,18357,550710,Steel City Interactive,54
2683150,Ale  Tale Tavern,2024-09-05,7.49,94,7832,234960,Scienart Games,6
500,Left 4 Dead,2008-11-17,9.99,95,56069,1682070,Valve,5
397540,Borderlands 3,2020-03-13,59.99,81,126196,3785880,Gearbox Software,19
635260,CarX Drift Racing Online,2017-11-17,14.99,92,81097,2432910,CarX Technologies LLC,8
1385380,Across the Obelisk,2022-08-16,19.99,50,10458,313740,Dreamsite Games,50
1575940,Sins of a Solar Empire II,2024-08-15,49.99,77,6660,199800,Ironclad Games Corporation Stardock Entertainment,23
254700,Resident Evil 4 2005,2014-02-27,19.99,96,72598,2177940,Capcom,4
3265230,Cursed Companions,2025-11-20,8.99,85,231,6930,Crimson Forge Studios,15
2161700,Persona 3 Reload,2024-02-01,59.99,95,36560,1096800,ATLUS,5
534380,Dying Light 2 Stay Human Reloaded Edition,2022-02-03,59.99,76,157901,4737030,Techland,24
1942110,Bootstrap Island,2026-03-12,22.49,76,972,29160,Maru VR,24
220740,Chaos on Deponia,2012-11-06,1.99,87,2349,70470,Daedalic Entertainment,13
287700,METAL GEAR SOLID V THE PHANTOM PAIN,2015-09-01,19.99,92,71253,2137590,KONAMI,8
2420110,Horizon Forbidden West Complete Edition,2024-03-21,59.99,84,18657,559710,Guerrilla Nixxes Software,16
516750,My Summer Car,2025-01-08,14.99,93,102924,3087720,Amistech Games,7
1222690,Dragon Age Inquisition,2020-06-04,9.99,71,18480,554400,BioWare,29
3901910,The Liar Princess and the Blind Prince,2026-03-11,13.39,94,176,5280,Nippon Ichi Software Inc Systemsoft beta Inc,6
3819640,Megastore Simulator,2026-02-02,13.99,91,505,15150,Yolo Games Studio,9
2716400,The Rise of the Golden Idol,2024-11-12,13.99,83,3447,103410,Color Gray Games,17
312750,Final Fantasy IV 3D Remake,2014-09-17,6.39,83,2629,78870,Square Enix DotEmu SAS,17
2634950,Tokyo Xtreme Racer,2025-09-24,49.99,88,14472,434160,Genki Co Ltd,12
1222140,Detroit Become Human,2020-06-18,39.99,97,199662,5989860,Quantic Dream,3
3454650,BitCraft Online,2025-06-21,15.99,73,2846,85380,Clockwork Laboratories Inc,27
1995520,Pax Dei,2025-10-16,17.99,69,6702,201060,Mainframe Industries,31
1942280,Brotato,2023-06-23,4.99,94,104471,3134130,Blobfish,6
3467040,Bookshop Simulator,2025-09-16,15.99,92,832,24960,Blep Games,8
812140,Assassins Creed Odyssey,2018-10-05,59.99,86,165913,4977390,Ubisoft Quebec Ubisoft Montreal Ubisoft Bucharest Ubisoft Singapore Ubisoft Montpellier Ubisoft Kiev Ubisoft Shanghai,14
552100,Brick Rigs,2023-07-14,19.99,95,50280,1508400,Fluppisoft GmbH,5
1044720,Farthest Frontier,2025-10-23,34.99,86,22469,674070,Crate Entertainment,14
410340,Liftoff FPV Drone Racing,2018-09-13,19.99,96,12449,373470,LuGus Studios,4
2305640,Bladesong,2026-01-22,19.99,95,980,29400,SUN AND SERPENT creations,5
2488370,Cash Cleaner Simulator,2025-05-08,19.99,91,6529,195870,Mind Control Games,9
4197990,Cargo Hunters,2026-03-09,15.99,79,168,5040,Order Of Meta,21
1627570,The Plucky Squire,2024-09-17,9.89,76,2457,73710,All Possible Futures,24
1880620,Once Upon A KATAMARI,2025-10-23,29.99,70,1247,37410,RENGAME,30
335300,DARK SOULS II Scholar of the First Sin,2015-04-01,39.99,79,80208,2406240,FromSoftware Inc,21
1222730,STAR WARS Squadrons,2020-10-01,3.99,54,24690,740700,MOTIVE,46
1677770,The Case of the Golden Idol,2022-10-13,8.09,95,8933,267990,Color Gray Games,5
3167020,Escape From Duckov,2025-10-16,17.99,85,80785,2423550,Team Soda,15
433340,Slime Rancher,2017-08-01,19.99,98,133810,4014300,Monomi Park,2
756800,Contraband Police,2023-03-08,29.99,95,23306,699180,Crazy Rocks,5
1904480,Absolum,2025-10-09,24.99,85,7877,236310,Dotemu Guard Crush Games Supamonks,15
2677660,Indiana Jones and the Great Circle,2024-12-08,69.99,92,11833,354990,MachineGames,8
2169200,Sniper Elite Resistance,2025-01-30,49.99,83,4090,122700,Rebellion,17
1005300,The Jackbox Party Pack 6,2019-10-16,29.99,95,2302,69060,Jackbox Games Inc,5
1357210,Galactic Civilizations IV,2023-10-19,15.99,78,2029,60870,Stardock Entertainment,22
2440510,Forza Motorsport,2023-10-09,69.99,57,11445,343350,Turn 10,43
2909110,Nuclear Nightmare,2024-10-20,6.99,76,14024,420720,BG Productions,24
934700,Dead Island 2,2024-04-22,49.99,76,17874,536220,Dambuster Studios,24
17470,Dead Space 2008,2009-01-09,7.99,89,22300,669000,EA Redwood Shores,11
611670,The Elder Scrolls V Skyrim VR,2018-04-02,59.99,56,8908,267240,Bethesda Game Studios,44
471710,Rec Room,2021-09-02,0.0,82,110,3300,Rec Room,18
2707490,Tower Factory,2024-11-07,11.99,93,1054,31620,Gius Caminiti,7
16900,GROUND BRANCH,2018-08-14,29.99,79,20655,619650,BlackFoot Studios MicroProse Software,21
555950,Danganronpa Another Episode Ultra Despair Girls,2017-06-27,2.99,69,6452,193560,Spike Chunsoft Co Ltd,31
1629520,A Little to the Left,2022-11-08,14.99,93,15287,458610,Max Inferno,7
24010,Train Simulator Classic,2015-09-17,29.99,85,19091,572730,Dovetail Games,15
3747730,Legacy of Kain Defiance Remastered,2026-03-03,24.99,97,368,11040,Crystal Dynamics PlayEveryWare,3
1295920,The Mortuary Assistant,2022-08-02,24.99,79,6946,208380,DarkStone Digital,21
1016920,Unrailed,2020-09-23,2.99,95,13538,406140,Indoor Astronaut,5
3417410,Storebound,2025-11-17,5.99,82,494,14820,Embers,18
613100,House Flipper,2018-05-17,24.99,93,90351,2710530,Empyrean,7
3058630,Assetto Corsa EVO,2025-01-16,39.99,36,14751,442530,KUNOS Simulazioni,64
1574240,Dread Delusion,2024-05-14,9.99,85,4458,133740,Lovely Hellplace,15
552520,Far Cry 5,2018-03-26,59.99,82,167887,5036610,Ubisoft Montreal Red Storm Ubisoft Shanghai Ubisoft Toronto Ubisoft Kiev,18
3017860,DOOM The Dark Ages,2025-05-14,69.99,89,25609,768270,id Software,11
1969370,LEGO Party,2025-09-30,39.99,94,955,28650,SMG Studio,6
1430190,Killing Floor 3,2025-07-24,39.99,43,14922,447660,Tripwire Interactive,57
489630,Warhammer 40000 Gladius  Relics of War,2018-07-12,39.99,78,7845,235350,Proxy Studios,22
313120,Stranded Deep,2022-08-10,19.99,79,42845,1285350,Beam Team Games,21
1721110,Abyssus,2025-08-12,24.99,79,3961,118830,DoubleMoose Games,21
1940340,Darkest Dungeon II,2023-05-08,39.99,71,22589,677670,Red Hook Studios,29
2201940,Ship Graveyard Simulator 2,2023-08-16,11.99,64,3358,100740,Games Incubator Hypnotic Ants,36
1062520,Dinkum,2025-04-22,19.99,90,23998,719940,James Bendon,10
824270,KovaaKs,2018-04-03,9.99,96,35446,1063380,KovaaK Games,4
3994610,Monster Lab Simulator,2026-02-13,12.99,71,382,11460,Round 3 Studios,29
632470,Disco Elysium  The Final Cut,2019-10-15,39.99,89,112534,3376020,ZAUM,11
1522160,Disney Epic Mickey Rebrushed,2024-09-24,19.99,93,1154,34620,Purple Lamp,7
1272080,PAYDAY 3,2023-09-21,29.99,57,47279,1418370,Starbreeze Studios,43
1538550,LEGO Voyagers,2025-09-15,17.49,92,1457,43710,Light Brick Studio,8
262060,Darkest Dungeon,2016-01-19,24.99,90,136888,4106640,Red Hook Studios,10
509980,BIGFOOT,2017-01-31,19.99,88,17407,522210,CyberLight Game Studio,12
29720,Guild Wars Reforged,2025-12-03,19.99,91,2690,80700,ArenaNet,9
1469610,Last Train Home,2023-11-28,13.19,82,4209,126270,Ashborne Games,18
3430340,Dice A Million,2026-02-25,12.99,89,577,17310,countlessnights,11
1665460,eFootball,2021-09-29,0.0,65,1209,36270,KONAMI,35
3211850,Calyx,2026-01-29,19.99,88,272,8160,Studio 568,12
3151380,Small Spaces,2025-05-27,12.99,82,980,29400,Niklas Tomkowitz,18
3314060,The Sims Legacy Collection,2025-01-31,11.99,83,2101,63030,MAXIS,17
2240620,UNBEATABLE,2025-12-09,27.99,95,4534,136020,DCELL GAMES,5
10090,Call of Duty World at War,2008-11-18,19.99,90,44868,1346040,Treyarch,10
3124340,Demeo x Dungeons  Dragons Battlemarked,2025-11-20,29.99,83,934,28020,Resolution Games,17
3024040,Stronghold Crusader Definitive Edition,2025-07-15,19.99,94,9009,270270,Firefly Studios,6
469600,Legion TD 2  Multiplayer Tower Defense,2021-10-01,7.49,82,12165,364950,AutoAttack Games,18
2947280,Solateria,2026-03-12,17.99,75,119,3570,Studio Doodal,25
1895900,1348 Ex Voto,2026-03-12,22.49,51,417,12510,Sedleo,49
1162750,Songs of Syx,2020-09-21,24.99,90,7290,218700,Gamatron AB,10
3400930,Guilty as Sock,2025-05-29,5.5,88,4049,121470,Demon Max,12
2217000,Rivals of Aether II,2024-10-23,29.99,70,6229,186870,Aether Studios,30
2680010,The First Berserker Khazan,2025-03-27,59.99,90,19232,576960,Neople,10
2238470,Grimshire,2025-07-22,14.99,96,2234,67020,Acute Owl Studio,4
1150690,OMORI,2020-12-25,19.99,95,77223,2316690,OMOCAT LLC,5
1029690,Sniper Elite 5,2022-05-25,49.99,87,23071,692130,Rebellion,13
1133760,CHRONO CROSS THE RADICAL DREAMERS EDITION,2022-04-07,7.99,56,2043,61290,Square Enix D4Enterprise CoLtd,44
916440,Anno 1800,2019-04-16,59.99,79,28258,847740,Ubisoft Mainz,21
3551340,Football Manager 26,2025-11-04,59.99,50,17729,531870,Sports Interactive,50
2844850,FANTASIAN Neo Dimension,2024-12-05,24.99,72,453,13590,Mistwalker Corporation,28
1121640,The Wandering Village,2025-07-17,14.99,92,7309,219270,Stray Fawn Studio,8
2552440,KINGDOM HEARTS HD 28 Final Chapter Prologue,2024-06-13,29.99,94,516,15480,Square Enix,6
490110,The Precinct,2025-05-13,22.49,85,6996,209880,Fallen Tree Games Ltd,15
1601580,Frostpunk 2,2024-09-20,44.99,70,19415,582450,11 bit studios,30
1092790,Inscryption,2021-10-19,19.99,94,129955,3898650,Daniel Mullins Games,6
1159690,Voidtrain,2025-11-07,29.99,69,7995,239850,HypeTrain Digital,31
2212330,Your Only Move Is HUSTLE,2023-02-02,4.99,96,34294,1028820,Ivy Sly,4
1443200,Class of 09,2021-06-10,9.99,92,7679,230370,SBN3,8
1790930,Crisol Theater of Idols,2026-02-10,17.99,87,2886,86580,Vermila Studios,13
3590,Plants vs Zombies GOTY Edition,2009-05-05,4.99,97,138061,4141830,PopCap Games Inc,3
816340,Kingdom Rush Origins  Tower Defense,2018-10-17,7.49,97,7091,212730,Ironhide Game Studio,3
1566200,Tape to Tape,2023-05-03,19.99,89,3192,95760,Excellent Rectangle,11
3195790,White Knuckle,2025-04-17,14.99,94,7833,234990,Dark Machine Games,6
236110,Dungeon Defenders II,2017-06-20,0.0,66,2983,89490,Chromatic Games,34
289650,Assassins Creed Unity,2014-11-11,29.99,75,75213,2256390,Ubisoft,25
239120,Final Fantasy III 3D Remake,2014-05-27,6.39,75,2930,87900,Square Enix,25
558990,Opus Magnum,2017-12-07,19.99,99,5304,159120,Zachtronics,1
633230,NARUTO TO BORUTO SHINOBI STRIKER,2023-06-29,19.99,75,42356,1270680,Soleil Ltd,25
3642000,Space Warlord Baby Trading Simulator,2026-01-29,19.99,98,378,11340,Strange Scaffold,2
3008740,Winter Burrow,2025-11-12,19.99,94,2261,67830,Pine Creek Games,6
221680,Rocksmith 2014 Edition REMASTERED LEARN  PLAY,2024-12-19,9.99,76,15222,456660,Ubisoft  San Francisco Ubisoft  Osaka,24
386940,Ultimate Chicken Horse,2016-03-04,14.99,95,39645,1189350,Clever Endeavour Games,5
1874170,Shredders,2022-03-16,17.99,92,3635,109050,FoamPunch,8
1989270,Slay the Princess  The Pristine Cut,2023-10-23,17.99,94,28545,856350,Black Tabby Games,6
2627260,NINJA GAIDEN 4,2025-10-20,69.99,81,7296,218880,PlatinumGames Inc  Team NINJA  KOEI TECMO GAMES CO LTD,19
2828860,The Forever Winter,2024-09-24,19.49,42,19790,593700,Fun Dog Studios,58
1281220,Task Force Admiral  Vol1 American Carrier Battles,2026-01-27,39.99,91,430,12900,Drydock Dreams Games,9
2208920,Assassins Creed Valhalla,2022-12-06,59.99,67,37550,1126500,Ubisoft Montreal,33
1151640,Horizon Zero Dawn Complete Edition,2020-08-07,0.0,83,95170,2855100,Guerrilla,17
3654560,Plants vs Zombies Replanted,2025-10-23,19.99,77,5586,167580,PopCap Games The Lost Pixels,23
233860,Kenshi,2018-12-06,29.99,95,92579,2777370,LoFi Games,5
1672970,Minecraft Dungeons,2021-09-22,19.99,84,14498,434940,Mojang Studios Double Eleven,16
1677350,EA SPORTS PGA TOUR,2023-04-06,6.99,73,1998,59940,Electronic Arts  Tiburon,27
47810,Dragon Age Origins  Ultimate Edition,2010-10-26,7.49,75,27622,828660,BioWare,25
2407830,Trash Goblin,2025-05-28,9.99,82,1288,38640,Spilt Milk Studios Ltd,18
1338490,AFTERBLAST,2025-11-26,14.99,80,159,4770,Lumino Games,20
429050,Feed and Grow Fish,2016-01-08,14.99,82,19724,591720,Old B1ood,18
851850,DRAGON BALL Z KAKAROT,2020-01-16,19.99,94,43043,1291290,CyberConnect2 Co Ltd,6
2384580,DYNASTY WARRIORS ORIGINS,2025-01-16,69.99,89,18470,554100,KOEI TECMO GAMES CO LTD,11
32470,STAR WARS Empire at War  Gold Pack,2010-05-25,19.99,100,34891,1046730,Petroglyph,0
1084160,Jagged Alliance 3,2023-07-14,13.49,83,10385,311550,Haemimont Games,17
19680,Alice Madness Returns,2011-06-17,1.99,88,25136,754080,Spicy Horse Games,12
1552350,The Jackbox Party Pack 8,2021-10-13,29.99,90,1118,33540,Jackbox Games Inc,10
2658510,Animal Shelter 2,2025-07-23,24.99,83,895,26850,Games Incubator,17
1032430,Blood Trail,2019-03-27,24.99,77,6629,198870,Electrovore,23
1941540,Mafia The Old Country,2025-08-07,49.99,64,18247,547410,Hangar 13,36
1887840,Another Crabs Treasure,2024-04-25,17.99,90,15803,474090,Aggro Crab,10
2904000,The Spell Brigade,2024-09-16,9.99,85,11502,345060,Bolt Blaster Games,15
933110,Age of Empires III Definitive Edition,2020-10-15,0.0,89,36135,1084050,Worlds Edge Tantalus Media Forgotten Empires,11
400,Portal,2007-10-10,9.99,98,166415,4992450,Valve,2
2172010,Until Dawn,2024-10-04,59.99,88,3049,91470,Ballistic Moon,12
393080,Call of Duty Modern Warfare Remastered 2017,2017-07-27,39.99,75,12533,375990,Raven Software Beenox,25
3716600,Mage Arena,2025-07-24,2.69,80,17343,520290,jrsjams,20
3525970,Horripilant,2026-02-20,7.99,92,1338,40140,Alexandre Declos Pas Game Studio,8
1286990,CONSCRIPT Directors Cut,2024-07-23,6.79,86,1725,51750,Jordan Mochi Catchweight Studio,14
803330,Destroy All Humans,2020-07-28,5.99,88,8768,263040,Black Forest Games Pandemic Studios,12
1450900,Desynced,2026-03-05,17.99,71,1563,46890,Stage Games Inc,29
1295500,Warhammer 40000 Battlesector,2021-07-22,39.99,88,4786,143580,Slitherine Ltd,12
2054970,Dragons Dogma 2,2024-03-21,69.99,68,73855,2215650,CAPCOM Co Ltd,32
867210,Songs of Conquest,2024-05-20,7.49,74,11719,351570,Lavapotion,26
288470,Fable Anniversary,2014-09-12,34.99,89,13992,419760,Lionhead Studios,11
2660460,Aviassembly,2025-04-11,9.99,97,7982,239460,Jelle Booij,3
1978590,Anger Foot,2024-07-11,7.99,88,3233,96990,Free Lives,12
2131630,METAL GEAR SOLID  Master Collection Version,2023-10-24,19.99,89,3356,100680,KONAMI,11
2131640,METAL GEAR SOLID 2 Sons of Liberty  Master Collection Version,2023-10-24,19.99,93,2642,79260,KONAMI,7
2131650,METAL GEAR SOLID 3 Snake Eater  Master Collection Version,2023-10-24,19.99,93,4825,144750,KONAMI,7
2306740,METAL GEAR SOLID MASTER COLLECTION Vol1 BONUS CONTENT,2023-10-24,59.99,61,118,3540,KONAMI,39
2997230,Planet of Lana II,2026-03-05,17.99,92,283,8490,Wishfully,8
8870,BioShock Infinite,2013-03-25,29.99,88,108154,3244620,Irrational Games Virtual Programming Linux,12
3373660,Look Outside,2025-03-21,9.99,98,10415,312450,Francis Coulombe,2
2861590,Machine Mind,2026-03-05,17.99,71,285,8550,ChudoYudo Games,29
389730,TEKKEN 7,2017-06-01,9.99,89,67077,2012310,BANDAI NAMCO Studios Inc,11
774361,Blasphemous,2019-09-10,2.49,91,49753,1492590,The Game Kitchen,9
2080690,Sunkenland,2023-08-25,19.99,71,19672,590160,Vector3 Studio,29
39150,FINAL FANTASY VIII,2013-12-05,4.79,0,7730,231900,Square Enix,100
704850,Thief Simulator,2018-11-09,1.99,87,36184,1085520,Noble Muffins,13
1609230,Scarlet Hollow,2021-06-11,24.99,98,3953,118590,Black Tabby Games,2
2198510,New Cycle,2024-01-18,14.99,74,2491,74730,Core Engage,26
814000,ONE PIECE ODYSSEY,2023-01-12,23.99,61,2395,71850,ILCA Inc,39
2069310,RealFlight Evolution,2022-10-27,69.99,86,813,24390,Horizon Hobby LLC,14
1202200,Paleo Pines,2023-09-26,7.49,93,1921,57630,Italic Pig,7
2753970,MARVEL Cosmic Invasion,2025-12-01,29.99,90,1630,48900,Tribute Games Inc,10
1239080,Door Kickers 2 Task Force North,2025-02-10,24.99,96,11539,346170,KillHouse Games,4
1302240,Labyrinthine,2023-08-18,9.99,70,13549,406470,Valko Game Studios,30
917950,Vellum,2025-05-02,11.99,90,1188,35640,Alvios Games,10
