app_id,name,steam_official_genres
730,CounterStrike 2,Action
730,CounterStrike 2,Free To Play
2868840,Slay the Spire 2,Indie
2868840,Slay the Spire 2,Strategy
2868840,Slay the Spire 2,Early Access
3321460,Crimson Desert,Action
3321460,Crimson Desert,Adventure
3065800,Marathon,Action
3764200,Resident Evil Requiem,Action
3764200,Resident Evil Requiem,Adventure
2157830,John Carpenters Toxic Commando,Action
2157830,John Carpenters Toxic Commando,Adventure
1144200,Ready or Not,Action
1144200,Ready or Not,Adventure
1144200,Ready or Not,Indie
1172470,Apex Legends,Action
1172470,Apex Legends,Adventure
1172470,Apex Legends,Free To Play
1808500,ARC Raiders,Action
2852190,Monster Hunter Stories 3 Twisted Reflection,Adventure
2852190,Monster Hunter Stories 3 Twisted Reflection,RPG
1167630,Teardown,Action
1167630,Teardown,Indie
1167630,Teardown,Simulation
1167630,Teardown,Strategy
2552430,KINGDOM HEARTS HD 1525 ReMIX,Action
2552430,KINGDOM HEARTS HD 1525 ReMIX,Adventure
2552430,KINGDOM HEARTS HD 1525 ReMIX,RPG
4069520,Super Battle Golf,Casual
4069520,Super Battle Golf,Indie
4069520,Super Battle Golf,Sports
2767030,Marvel Rivals,Action
2767030,Marvel Rivals,Free To Play
1222670,The Sims 4,Adventure
1222670,The Sims 4,Casual
1222670,The Sims 4,Simulation
1222670,The Sims 4,Free To Play
2778610,Over The Top WWI,Action
2778610,Over The Top WWI,Indie
2778610,Over The Top WWI,Massively Multiplayer
2778610,Over The Top WWI,Simulation
359550,Tom Clancys Rainbow Six Siege,Action
359550,Tom Clancys Rainbow Six Siege,Free To Play
553850,HELLDIVERS 2,Action
230410,Warframe,Action
230410,Warframe,RPG
230410,Warframe,Free To Play
2357570,Overwatch,Action
2357570,Overwatch,Free To Play
236390,War Thunder,Action
236390,War Thunder,Massively Multiplayer
236390,War Thunder,Simulation
236390,War Thunder,Free To Play
3472040,NBA 2K26,Sports
1462040,FINAL FANTASY VII REMAKE INTERGRADE,Action
1462040,FINAL FANTASY VII REMAKE INTERGRADE,Adventure
1462040,FINAL FANTASY VII REMAKE INTERGRADE,RPG
3240220,Grand Theft Auto V Enhanced,Action
3240220,Grand Theft Auto V Enhanced,Adventure
3240220,Grand Theft Auto V Enhanced,Racing
1149460,ICARUS,Action
1149460,ICARUS,Adventure
1149460,ICARUS,Simulation
2975950,Solasta II,Adventure
2975950,Solasta II,Indie
2975950,Solasta II,RPG
2975950,Solasta II,Strategy
2975950,Solasta II,Early Access
1086940,Baldurs Gate 3,Adventure
1086940,Baldurs Gate 3,RPG
1086940,Baldurs Gate 3,Strategy
3564740,Where Winds Meet,Action
3564740,Where Winds Meet,Adventure
3564740,Where Winds Meet,RPG
3564740,Where Winds Meet,Free To Play
252490,Rust,Action
252490,Rust,Adventure
252490,Rust,Indie
252490,Rust,Massively Multiplayer
252490,Rust,RPG
381210,Dead by Daylight,Action
686060,Mewgenics,Adventure
686060,Mewgenics,Indie
686060,Mewgenics,RPG
686060,Mewgenics,Simulation
686060,Mewgenics,Strategy
2833580,BRAVELY DEFAULT FLYING FAIRY HD Remaster,RPG
1158310,Crusader Kings III,RPG
1158310,Crusader Kings III,Simulation
1158310,Crusader Kings III,Strategy
3164500,Schedule I,Action
3164500,Schedule I,Indie
3164500,Schedule I,Simulation
3164500,Schedule I,Strategy
3164500,Schedule I,Early Access
3717070,WWE 2K26,Simulation
3717070,WWE 2K26,Sports
376210,The Isle,Action
376210,The Isle,Adventure
376210,The Isle,Indie
376210,The Isle,Massively Multiplayer
376210,The Isle,Simulation
376210,The Isle,Early Access
1062090,Timberborn,Indie
1062090,Timberborn,Simulation
1062090,Timberborn,Strategy
2050650,Resident Evil 4,Action
2050650,Resident Evil 4,Adventure
2344520,Diablo IV,Action
2344520,Diablo IV,Adventure
2344520,Diablo IV,Casual
2344520,Diablo IV,Massively Multiplayer
2344520,Diablo IV,RPG
524220,NieRAutomata,Action
524220,NieRAutomata,RPG
1245620,ELDEN RING,Action
1245620,ELDEN RING,RPG
3280350,DEATH STRANDING 2 ON THE BEACH,Action
3280350,DEATH STRANDING 2 ON THE BEACH,Adventure
2515020,FINAL FANTASY XVI,Action
2515020,FINAL FANTASY XVI,RPG
1004640,FINAL FANTASY TACTICS  The Ivalice Chronicles,RPG
1004640,FINAL FANTASY TACTICS  The Ivalice Chronicles,Strategy
3643170,Roadside Research,Action
3643170,Roadside Research,Casual
3643170,Roadside Research,Massively Multiplayer
3643170,Roadside Research,RPG
3643170,Roadside Research,Simulation
3643170,Roadside Research,Free To Play
3643170,Roadside Research,Early Access
2909400,FINAL FANTASY VII REBIRTH,Action
2909400,FINAL FANTASY VII REBIRTH,Adventure
2909400,FINAL FANTASY VII REBIRTH,RPG
1721470,Poppy Playtime,Action
1721470,Poppy Playtime,Adventure
1721470,Poppy Playtime,Indie
699130,World War Z,Action
3405690,EA SPORTS FC 26,Simulation
3405690,EA SPORTS FC 26,Sports
2141910,Magic The Gathering Arena,Strategy
2141910,Magic The Gathering Arena,Free To Play
2807960,Battlefield 6,Action
3241660,REPO,Action
3241660,REPO,Early Access
990080,Hogwarts Legacy,Action
990080,Hogwarts Legacy,Adventure
990080,Hogwarts Legacy,RPG
526870,Satisfactory,Adventure
526870,Satisfactory,Indie
526870,Satisfactory,Simulation
526870,Satisfactory,Strategy
39210,FINAL FANTASY XIV Online,Massively Multiplayer
39210,FINAL FANTASY XIV Online,RPG
1151340,Fallout 76,RPG
3224770,Umamusume Pretty Derby,Simulation
3224770,Umamusume Pretty Derby,Sports
3224770,Umamusume Pretty Derby,Free To Play
578080,PUBG BATTLEGROUNDS,Action
578080,PUBG BATTLEGROUNDS,Adventure
578080,PUBG BATTLEGROUNDS,Massively Multiplayer
578080,PUBG BATTLEGROUNDS,Free To Play
801800,Atomfall,Action
801800,Atomfall,Adventure
2129530,REANIMAL,Adventure
1466060,Tainted Grail The Fall of Avalon,Action
1466060,Tainted Grail The Fall of Avalon,Adventure
1466060,Tainted Grail The Fall of Avalon,Indie
1466060,Tainted Grail The Fall of Avalon,RPG
2221490,Tom Clancys The Division 2,Action
2221490,Tom Clancys The Division 2,Adventure
2221490,Tom Clancys The Division 2,RPG
2399830,ARK Survival Ascended,Action
2399830,ARK Survival Ascended,Adventure
2399830,ARK Survival Ascended,Indie
2399830,ARK Survival Ascended,Massively Multiplayer
2399830,ARK Survival Ascended,RPG
2399830,ARK Survival Ascended,Early Access
646570,Slay the Spire,Indie
646570,Slay the Spire,Strategy
238960,Path of Exile,Action
238960,Path of Exile,Adventure
238960,Path of Exile,Indie
238960,Path of Exile,Massively Multiplayer
238960,Path of Exile,RPG
238960,Path of Exile,Free To Play
2057760,Esoteric Ebb,Indie
2057760,Esoteric Ebb,RPG
3495730,Lucid Blocks,Action
3495730,Lucid Blocks,Adventure
3495730,Lucid Blocks,Indie
3495730,Lucid Blocks,RPG
529340,Victoria 3,Simulation
529340,Victoria 3,Strategy
1874880,Arma Reforger,Action
1874880,Arma Reforger,Simulation
1874880,Arma Reforger,Strategy
739630,Phasmophobia,Action
739630,Phasmophobia,Indie
739630,Phasmophobia,Early Access
3606480,Call of Duty Black Ops 7,Action
582660,Black Desert,Action
582660,Black Desert,Adventure
582660,Black Desert,Massively Multiplayer
582660,Black Desert,RPG
582660,Black Desert,Strategy
3949040,RV There Yet,Action
3949040,RV There Yet,Adventure
3949040,RV There Yet,Indie
413150,Stardew Valley,Indie
413150,Stardew Valley,RPG
413150,Stardew Valley,Simulation
780310,The Riftbreaker,Action
780310,The Riftbreaker,Adventure
780310,The Riftbreaker,Indie
780310,The Riftbreaker,RPG
780310,The Riftbreaker,Simulation
780310,The Riftbreaker,Strategy
306130,The Elder Scrolls Online,Action
306130,The Elder Scrolls Online,Adventure
306130,The Elder Scrolls Online,Massively Multiplayer
306130,The Elder Scrolls Online,RPG
1774580,STAR WARS Jedi Survivor,Action
1774580,STAR WARS Jedi Survivor,Adventure
394360,Hearts of Iron IV,Simulation
394360,Hearts of Iron IV,Strategy
1091500,Cyberpunk 2077,RPG
1669000,Age of Wonders 4,RPG
1669000,Age of Wonders 4,Strategy
2300320,Farming Simulator 25,Simulation
3230400,EA SPORTS Madden NFL 26,Simulation
3230400,EA SPORTS Madden NFL 26,Sports
3897800,Poker Night at the Inventory,Casual
3834090,YAPYAP,Action
1973530,Limbus Company,Free To Play
440,Team Fortress 2,Action
440,Team Fortress 2,Free To Play
1203620,Enshrouded,Action
1203620,Enshrouded,Adventure
1203620,Enshrouded,Indie
1203620,Enshrouded,RPG
1203620,Enshrouded,Early Access
3513350,Wuthering Waves,Action
3513350,Wuthering Waves,Adventure
3513350,Wuthering Waves,RPG
3513350,Wuthering Waves,Free To Play
270880,American Truck Simulator,Indie
270880,American Truck Simulator,Simulation
3527290,PEAK,Action
3527290,PEAK,Adventure
3527290,PEAK,Indie
2893570,DRAGON QUEST I  II HD2D Remake,RPG
960090,Bloons TD 6,Strategy
2483190,Forza Horizon 6,Racing
2483190,Forza Horizon 6,Simulation
2483190,Forza Horizon 6,Sports
1962663,Call of Duty Warzone,Action
1962663,Call of Duty Warzone,Free To Play
1174180,Red Dead Redemption 2,Action
1174180,Red Dead Redemption 2,Adventure
1361210,Warhammer 40000 Darktide,Action
1361210,Warhammer 40000 Darktide,Adventure
1361210,Warhammer 40000 Darktide,RPG
284160,BeamNGdrive,Racing
284160,BeamNGdrive,Simulation
284160,BeamNGdrive,Early Access
1623730,Palworld,Action
1623730,Palworld,Adventure
1623730,Palworld,Indie
1623730,Palworld,RPG
2827200,MIMESIS,Action
2827200,MIMESIS,Adventure
2827200,MIMESIS,Casual
2827200,MIMESIS,Indie
2827200,MIMESIS,Early Access
2183900,Warhammer 40000 Space Marine 2,Action
2183900,Warhammer 40000 Space Marine 2,Adventure
2183900,Warhammer 40000 Space Marine 2,RPG
2073850,THE FINALS,Action
2073850,THE FINALS,Free To Play
883710,Resident Evil 2,Action
4045750,Out of the Park Baseball 27,Indie
4045750,Out of the Park Baseball 27,Simulation
4045750,Out of the Park Baseball 27,Sports
4045750,Out of the Park Baseball 27,Strategy
266410,iRacing,Massively Multiplayer
266410,iRacing,Racing
266410,iRacing,Simulation
266410,iRacing,Sports
294100,RimWorld,Indie
294100,RimWorld,Simulation
294100,RimWorld,Strategy
2186680,Warhammer 40000 Rogue Trader,Action
2186680,Warhammer 40000 Rogue Trader,Adventure
2186680,Warhammer 40000 Rogue Trader,Indie
2186680,Warhammer 40000 Rogue Trader,RPG
2186680,Warhammer 40000 Rogue Trader,Strategy
3014320,OCTOPATH TRAVELER 0,RPG
2958130,Jurassic World Evolution 3,Simulation
2958130,Jurassic World Evolution 3,Strategy
2246340,Monster Hunter Wilds,Action
2246340,Monster Hunter Wilds,Adventure
2246340,Monster Hunter Wilds,RPG
2397300,Half Sword,Action
2397300,Half Sword,Adventure
2397300,Half Sword,Indie
2397300,Half Sword,Simulation
2397300,Half Sword,Early Access
1562430,DREDGE,Adventure
1562430,DREDGE,RPG
311210,Call of Duty Black Ops III,Action
311210,Call of Duty Black Ops III,Adventure
2963800,DrainSim,Casual
2963800,DrainSim,Indie
2963800,DrainSim,Simulation
2963800,DrainSim,Early Access
1693980,Dead Space,Action
1693980,Dead Space,Adventure
489830,The Elder Scrolls V Skyrim Special Edition,RPG
1172620,Sea of Thieves 2025 Edition,Action
1172620,Sea of Thieves 2025 Edition,Adventure
1085660,Destiny 2,Action
1085660,Destiny 2,Adventure
1085660,Destiny 2,Free To Play
2139460,Once Human,Action
2139460,Once Human,Adventure
2139460,Once Human,RPG
2139460,Once Human,Simulation
2139460,Once Human,Strategy
2139460,Once Human,Free To Play
2073620,Arena Breakout Infinite,Action
2073620,Arena Breakout Infinite,Adventure
2073620,Arena Breakout Infinite,Massively Multiplayer
2073620,Arena Breakout Infinite,RPG
2073620,Arena Breakout Infinite,Strategy
2073620,Arena Breakout Infinite,Free To Play
2479810,Gray Zone Warfare,Action
2479810,Gray Zone Warfare,Massively Multiplayer
2479810,Gray Zone Warfare,Simulation
2479810,Gray Zone Warfare,Early Access
1771300,Kingdom Come Deliverance II,Action
1771300,Kingdom Come Deliverance II,Adventure
1771300,Kingdom Come Deliverance II,RPG
2537590,Microsoft Flight Simulator 2024,Simulation
1113560,NieR Replicant ver122474487139,Action
1113560,NieR Replicant ver122474487139,Adventure
1113560,NieR Replicant ver122474487139,RPG
1172710,Dune Awakening,Action
1172710,Dune Awakening,Adventure
1172710,Dune Awakening,Massively Multiplayer
1172710,Dune Awakening,RPG
4025700,Heartopia,Casual
4025700,Heartopia,Simulation
4025700,Heartopia,Free To Play
1326470,Sons Of The Forest,Action
1326470,Sons Of The Forest,Adventure
1326470,Sons Of The Forest,Indie
1326470,Sons Of The Forest,Simulation
2592160,Dispatch,Action
2592160,Dispatch,Adventure
2592160,Dispatch,Casual
2592160,Dispatch,Indie
2592160,Dispatch,Strategy
892970,Valheim,Action
892970,Valheim,Adventure
892970,Valheim,Indie
892970,Valheim,RPG
892970,Valheim,Early Access
2239150,Thronefall,Action
2239150,Thronefall,Indie
2239150,Thronefall,Strategy
108600,Project Zomboid,Indie
108600,Project Zomboid,RPG
108600,Project Zomboid,Simulation
108600,Project Zomboid,Early Access
2694490,Path of Exile 2,Action
2694490,Path of Exile 2,Adventure
2694490,Path of Exile 2,Massively Multiplayer
2694490,Path of Exile 2,RPG
2694490,Path of Exile 2,Early Access
548430,Deep Rock Galactic,Action
648800,Raft,Adventure
648800,Raft,Indie
648800,Raft,Simulation
1449850,YuGiOh Master Duel,Simulation
1449850,YuGiOh Master Duel,Strategy
1449850,YuGiOh Master Duel,Free To Play
2536520,Diablo II Resurrected  Infernal Edition,Action
2536520,Diablo II Resurrected  Infernal Edition,RPG
2536520,Diablo II Resurrected  Infernal Edition,Strategy
1295660,Sid Meiers Civilization VII,Simulation
1295660,Sid Meiers Civilization VII,Strategy
427520,Factorio,Casual
427520,Factorio,Indie
427520,Factorio,Simulation
427520,Factorio,Strategy
304390,FOR HONOR,Action
1903340,Clair Obscur Expedition 33,Action
1903340,Clair Obscur Expedition 33,RPG
2668510,Red Dead Redemption,Action
216150,MapleStory,Action
216150,MapleStory,Adventure
216150,MapleStory,Casual
216150,MapleStory,Massively Multiplayer
216150,MapleStory,RPG
216150,MapleStory,Free To Play
281990,Stellaris,Simulation
281990,Stellaris,Strategy
1282100,REMNANT II,Action
1282100,REMNANT II,Adventure
1282100,REMNANT II,RPG
1304930,The Outlast Trials,Action
1304930,The Outlast Trials,Adventure
1304930,The Outlast Trials,Indie
589290,Holdfast Nations At War,Action
589290,Holdfast Nations At War,Indie
589290,Holdfast Nations At War,Massively Multiplayer
589290,Holdfast Nations At War,RPG
589290,Holdfast Nations At War,Simulation
589290,Holdfast Nations At War,Strategy
255710,Cities Skylines,Simulation
255710,Cities Skylines,Strategy
2622380,ELDEN RING NIGHTREIGN,Action
2622380,ELDEN RING NIGHTREIGN,RPG
261550,Mount  Blade II Bannerlord,Action
261550,Mount  Blade II Bannerlord,Indie
261550,Mount  Blade II Bannerlord,RPG
261550,Mount  Blade II Bannerlord,Simulation
261550,Mount  Blade II Bannerlord,Strategy
1631270,StarRupture,Action
1631270,StarRupture,Adventure
1631270,StarRupture,Indie
1631270,StarRupture,Simulation
1631270,StarRupture,Early Access
3920610,FATAL FRAME II Crimson Butterfly REMAKE,Action
3920610,FATAL FRAME II Crimson Butterfly REMAKE,Adventure
3097560,Liars Bar,Casual
3097560,Liars Bar,Indie
3097560,Liars Bar,Simulation
3097560,Liars Bar,Strategy
3097560,Liars Bar,Early Access
2074920,The First Descendant,Action
2074920,The First Descendant,Adventure
2074920,The First Descendant,RPG
2074920,The First Descendant,Free To Play
2385530,PGA TOUR 2K25,RPG
2385530,PGA TOUR 2K25,Simulation
2385530,PGA TOUR 2K25,Sports
1286830,STAR WARS The Old Republic,Massively Multiplayer
1286830,STAR WARS The Old Republic,RPG
1286830,STAR WARS The Old Republic,Free To Play
377160,Fallout 4,RPG
632360,Risk of Rain 2,Action
632360,Risk of Rain 2,Indie
1599340,Lost Ark,Action
1599340,Lost Ark,Adventure
1599340,Lost Ark,Massively Multiplayer
1599340,Lost Ark,RPG
1599340,Lost Ark,Free To Play
1285190,Borderlands 4,Action
1285190,Borderlands 4,Adventure
1285190,Borderlands 4,RPG
105600,Terraria,Action
105600,Terraria,Adventure
105600,Terraria,Indie
105600,Terraria,RPG
949230,Cities Skylines II,Simulation
359870,FINAL FANTASY XX2 HD Remaster,RPG
1971650,OCTOPATH TRAVELER II,RPG
3599690,Funi Raccoon Game,Action
3599690,Funi Raccoon Game,Adventure
3599690,Funi Raccoon Game,Casual
3599690,Funi Raccoon Game,Indie
2670630,Supermarket Simulator,Casual
2670630,Supermarket Simulator,Indie
2670630,Supermarket Simulator,Simulation
286160,Tabletop Simulator,Casual
286160,Tabletop Simulator,Indie
286160,Tabletop Simulator,RPG
286160,Tabletop Simulator,Simulation
286160,Tabletop Simulator,Strategy
1229490,ULTRAKILL,Action
1229490,ULTRAKILL,Indie
1229490,ULTRAKILL,Early Access
2661300,Grounded 2,Action
2661300,Grounded 2,Adventure
2661300,Grounded 2,Early Access
518790,theHunter Call of the Wild,Adventure
518790,theHunter Call of the Wild,Simulation
518790,theHunter Call of the Wild,Sports
1313140,Cult of the Lamb,Action
1313140,Cult of the Lamb,Adventure
1313140,Cult of the Lamb,Indie
1313140,Cult of the Lamb,Strategy
2651280,Marvels SpiderMan 2,Action
2651280,Marvels SpiderMan 2,Adventure
107410,Arma 3,Action
107410,Arma 3,Simulation
107410,Arma 3,Strategy
418370,Resident Evil 7 Biohazard,Action
418370,Resident Evil 7 Biohazard,Adventure
2001120,Split Fiction,Action
2001120,Split Fiction,Adventure
21690,Resident Evil 5,Action
21690,Resident Evil 5,Adventure
1401590,Disney Dreamlight Valley,Action
1401590,Disney Dreamlight Valley,Adventure
1401590,Disney Dreamlight Valley,Casual
1401590,Disney Dreamlight Valley,RPG
1401590,Disney Dreamlight Valley,Simulation
3028330,Battlefield REDSEC,Action
3028330,Battlefield REDSEC,Free To Play
1290000,PowerWash Simulator,Casual
1290000,PowerWash Simulator,Indie
1290000,PowerWash Simulator,Simulation
1465360,SnowRunner,Adventure
1465360,SnowRunner,Simulation
3977290,Rewind 99,Action
3977290,Rewind 99,Casual
3977290,Rewind 99,Indie
3977290,Rewind 99,Simulation
3977290,Rewind 99,Early Access
1857950,VEIN,Action
1857950,VEIN,RPG
1857950,VEIN,Simulation
1857950,VEIN,Early Access
1284210,Guild Wars 2,Adventure
1284210,Guild Wars 2,Massively Multiplayer
1284210,Guild Wars 2,RPG
1284210,Guild Wars 2,Free To Play
3932890,Escape from Tarkov,Action
3932890,Escape from Tarkov,Massively Multiplayer
3932890,Escape from Tarkov,RPG
3932890,Escape from Tarkov,Simulation
250900,The Binding of Isaac Rebirth,Action
1096530,Solasta Crown of the Magister,Adventure
1096530,Solasta Crown of the Magister,RPG
1096530,Solasta Crown of the Magister,Strategy
921570,OCTOPATH TRAVELER,RPG
2933130,The Lord of the Rings Return to Moria,Action
2933130,The Lord of the Rings Return to Moria,Adventure
2933130,The Lord of the Rings Return to Moria,RPG
552990,World of Warships,Action
552990,World of Warships,Massively Multiplayer
552990,World of Warships,Simulation
552990,World of Warships,Strategy
552990,World of Warships,Free To Play
3501070,Car Service Together,Indie
3501070,Car Service Together,Racing
3501070,Car Service Together,Simulation
3501070,Car Service Together,Early Access
1476970,IdleOn,Adventure
1476970,IdleOn,Casual
1476970,IdleOn,Indie
1476970,IdleOn,Massively Multiplayer
1476970,IdleOn,RPG
1476970,IdleOn,Simulation
1476970,IdleOn,Strategy
1476970,IdleOn,Free To Play
427410,Abiotic Factor,Action
427410,Abiotic Factor,Adventure
427410,Abiotic Factor,RPG
427410,Abiotic Factor,Simulation
438100,VRChat,Adventure
438100,VRChat,Casual
438100,VRChat,Massively Multiplayer
438100,VRChat,Simulation
438100,VRChat,Sports
438100,VRChat,Free To Play
438100,VRChat,Early Access
322170,Geometry Dash,Action
322170,Geometry Dash,Indie
2280350,Turbo Dismount 2,Action
2280350,Turbo Dismount 2,Indie
2280350,Turbo Dismount 2,Racing
2280350,Turbo Dismount 2,Simulation
2495100,Hello Kitty Island Adventure,Action
2495100,Hello Kitty Island Adventure,Adventure
2495100,Hello Kitty Island Adventure,Casual
2495100,Hello Kitty Island Adventure,Indie
2495100,Hello Kitty Island Adventure,RPG
2495100,Hello Kitty Island Adventure,Simulation
2948190,World of Sea Battle,Action
2948190,World of Sea Battle,Massively Multiplayer
2948190,World of Sea Battle,RPG
2948190,World of Sea Battle,Free To Play
2948190,World of Sea Battle,Early Access
1874000,Life is Strange Double Exposure,Action
1874000,Life is Strange Double Exposure,Adventure
264710,Subnautica,Adventure
264710,Subnautica,Indie
1407200,World of Tanks,Action
1407200,World of Tanks,Massively Multiplayer
1407200,World of Tanks,Simulation
1407200,World of Tanks,Free To Play
3419520,Quarantine Zone The Last Check,Indie
3419520,Quarantine Zone The Last Check,Simulation
3419520,Quarantine Zone The Last Check,Strategy
637650,FINAL FANTASY XV WINDOWS EDITION,RPG
440900,Conan Exiles,Action
440900,Conan Exiles,Adventure
440900,Conan Exiles,Massively Multiplayer
440900,Conan Exiles,RPG
440900,Conan Exiles,Simulation
440900,Conan Exiles,Strategy
1272320,Diplomacy is Not an Option,Action
1272320,Diplomacy is Not an Option,Adventure
1272320,Diplomacy is Not an Option,Casual
1272320,Diplomacy is Not an Option,Indie
1272320,Diplomacy is Not an Option,Simulation
1272320,Diplomacy is Not an Option,Strategy
1142710,Total War WARHAMMER III,Action
1142710,Total War WARHAMMER III,Strategy
221100,DayZ,Action
221100,DayZ,Adventure
221100,DayZ,Massively Multiplayer
1371980,No Rest for the Wicked,Action
1371980,No Rest for the Wicked,Adventure
1371980,No Rest for the Wicked,RPG
1371980,No Rest for the Wicked,Early Access
3681010,Nioh 3,Action
3681010,Nioh 3,RPG
1471410,SYNTHETIK 2,Action
1471410,SYNTHETIK 2,Indie
1471410,SYNTHETIK 2,Early Access
2456740,inZOI,Adventure
2456740,inZOI,Casual
2456740,inZOI,Simulation
2456740,inZOI,Early Access
1966720,Lethal Company,Action
1966720,Lethal Company,Adventure
1966720,Lethal Company,Indie
1966720,Lethal Company,Early Access
1677110,Lightyear Frontier,Early Access
251570,7 Days to Die,Action
251570,7 Days to Die,Adventure
251570,7 Days to Die,Indie
251570,7 Days to Die,RPG
251570,7 Days to Die,Simulation
251570,7 Days to Die,Strategy
275850,No Mans Sky,Action
275850,No Mans Sky,Adventure
945360,Among Us,Casual
976730,Halo The Master Chief Collection,Action
1551360,Forza Horizon 5,Action
1551360,Forza Horizon 5,Adventure
1551360,Forza Horizon 5,Racing
1551360,Forza Horizon 5,Simulation
1551360,Forza Horizon 5,Sports
2437170,SMITE 2,Action
2437170,SMITE 2,Adventure
2437170,SMITE 2,Casual
2437170,SMITE 2,Massively Multiplayer
2437170,SMITE 2,RPG
2437170,SMITE 2,Strategy
2437170,SMITE 2,Free To Play
2437170,SMITE 2,Early Access
1608070,CRISIS CORE FINAL FANTASY VII REUNION,Action
1608070,CRISIS CORE FINAL FANTASY VII REUNION,RPG
1328670,Mass Effect Legendary Edition,Action
1328670,Mass Effect Legendary Edition,RPG
2697000,The Legend of Khiimori,Adventure
2697000,The Legend of Khiimori,Casual
2697000,The Legend of Khiimori,Simulation
2697000,The Legend of Khiimori,Early Access
570,Dota 2,Action
570,Dota 2,Strategy
570,Dota 2,Free To Play
1284190,The Planet Crafter,Adventure
1190000,Car Mechanic Simulator 2021,Racing
1190000,Car Mechanic Simulator 2021,Simulation
1129580,Medieval Dynasty,Action
1129580,Medieval Dynasty,Adventure
1129580,Medieval Dynasty,Indie
1129580,Medieval Dynasty,RPG
1129580,Medieval Dynasty,Simulation
1265920,Life is Strange Remastered,Action
1265920,Life is Strange Remastered,Adventure
1358700,STRANGER OF PARADISE FINAL FANTASY ORIGIN,Action
1358700,STRANGER OF PARADISE FINAL FANTASY ORIGIN,Adventure
1358700,STRANGER OF PARADISE FINAL FANTASY ORIGIN,RPG
585420,Trailmakers,Action
585420,Trailmakers,Adventure
585420,Trailmakers,Indie
585420,Trailmakers,Racing
585420,Trailmakers,Simulation
4000,Garrys Mod,Casual
4000,Garrys Mod,Indie
4000,Garrys Mod,Simulation
595520,FINAL FANTASY XII THE ZODIAC AGE,RPG
799960,Wizard101,Adventure
799960,Wizard101,Casual
799960,Wizard101,Massively Multiplayer
799960,Wizard101,RPG
799960,Wizard101,Strategy
799960,Wizard101,Free To Play
2968420,PowerWash Simulator 2,Casual
2968420,PowerWash Simulator 2,Indie
2968420,PowerWash Simulator 2,Simulation
244210,Assetto Corsa,Indie
244210,Assetto Corsa,Racing
244210,Assetto Corsa,Simulation
244210,Assetto Corsa,Sports
3354750,skate,Action
3354750,skate,Sports
3354750,skate,Free To Play
3354750,skate,Early Access
2406770,Bodycam,Action
2406770,Bodycam,Indie
2406770,Bodycam,Massively Multiplayer
2406770,Bodycam,Simulation
2406770,Bodycam,Strategy
2406770,Bodycam,Early Access
1943950,Escape the Backrooms,Action
1943950,Escape the Backrooms,Indie
2707930,Palia,Adventure
2707930,Palia,Casual
2707930,Palia,Indie
2707930,Palia,RPG
2707930,Palia,Simulation
2707930,Palia,Free To Play
550,Left 4 Dead 2,Action
3873970,NASCAR 25,Racing
3873970,NASCAR 25,Simulation
3873970,NASCAR 25,Sports
2918310,Mamas Sleeping Angels,Action
2918310,Mamas Sleeping Angels,Adventure
2918310,Mamas Sleeping Angels,Indie
1938090,Call of Duty,Action
1173820,FINAL FANTASY VI,RPG
2294660,The Quinfall,Massively Multiplayer
3347400,GIRLS FRONTLINE 2 EXILIUM,Action
3347400,GIRLS FRONTLINE 2 EXILIUM,Adventure
3347400,GIRLS FRONTLINE 2 EXILIUM,RPG
3347400,GIRLS FRONTLINE 2 EXILIUM,Strategy
3347400,GIRLS FRONTLINE 2 EXILIUM,Free To Play
2244210,Echoes of Aincrad,Action
2244210,Echoes of Aincrad,RPG
1812450,Bellwright,Action
1812450,Bellwright,RPG
1812450,Bellwright,Simulation
1812450,Bellwright,Strategy
1812450,Bellwright,Early Access
1072420,DRAGON QUEST BUILDERS 2,Action
1072420,DRAGON QUEST BUILDERS 2,Adventure
1072420,DRAGON QUEST BUILDERS 2,RPG
1206560,WorldBox  God Simulator,Indie
1206560,WorldBox  God Simulator,Simulation
1206560,WorldBox  God Simulator,Early Access
3059520,F1 25,Racing
3059520,F1 25,Sports
2840770,Avatar Frontiers of Pandora,Action
2840770,Avatar Frontiers of Pandora,Adventure
1172380,STAR WARS Jedi Fallen Order,Action
1172380,STAR WARS Jedi Fallen Order,Adventure
1145350,Hades II,Action
1145350,Hades II,Indie
1145350,Hades II,RPG
2069250,High On Life 2,Action
2069250,High On Life 2,Adventure
2753900,The King is Watching,Indie
2753900,The King is Watching,Strategy
346110,ARK Survival Evolved,Action
346110,ARK Survival Evolved,Adventure
346110,ARK Survival Evolved,Indie
346110,ARK Survival Evolved,Massively Multiplayer
346110,ARK Survival Evolved,RPG
1196590,Resident Evil Village,Action
9900,Star Trek Online,Massively Multiplayer
9900,Star Trek Online,RPG
9900,Star Trek Online,Free To Play
728880,Overcooked 2,Action
728880,Overcooked 2,Casual
728880,Overcooked 2,Indie
602960,Barotrauma,Action
602960,Barotrauma,Indie
602960,Barotrauma,Simulation
602960,Barotrauma,Strategy
291550,Brawlhalla,Action
291550,Brawlhalla,Indie
291550,Brawlhalla,Free To Play
1446650,BRAVELY DEFAULT II,Adventure
1446650,BRAVELY DEFAULT II,RPG
2322010,God of War Ragnark,Action
2322010,God of War Ragnark,Adventure
2322010,God of War Ragnark,RPG
3405340,Megabonk,Action
3405340,Megabonk,Casual
3405340,Megabonk,Indie
2432860,MENACE,RPG
2432860,MENACE,Simulation
2432860,MENACE,Strategy
2432860,MENACE,Early Access
2245620,Tangy TD,Action
2245620,Tangy TD,Indie
2245620,Tangy TD,Strategy
813780,Age of Empires II Definitive Edition,Strategy
952060,Resident Evil 3,Action
1778820,TEKKEN 8,Action
3014080,The Hundred Line Last Defense Academy,Adventure
3014080,The Hundred Line Last Defense Academy,Simulation
1790600,DRAGON BALL Sparking ZERO,Action
1426210,It Takes Two,Action
1426210,It Takes Two,Adventure
2379780,Balatro,Casual
2379780,Balatro,Indie
2379780,Balatro,Strategy
221040,Resident Evil 6,Action
221040,Resident Evil 6,Adventure
1190970,House Flipper 2,Casual
1190970,House Flipper 2,Indie
1190970,House Flipper 2,Simulation
1722860,Munchkin Digital,Action
1722860,Munchkin Digital,Adventure
1722860,Munchkin Digital,Casual
1722860,Munchkin Digital,RPG
1722860,Munchkin Digital,Strategy
3070070,TCG Card Shop Simulator,Simulation
3070070,TCG Card Shop Simulator,Early Access
380600,Fishing Planet,Massively Multiplayer
380600,Fishing Planet,Simulation
380600,Fishing Planet,Sports
380600,Fishing Planet,Free To Play
1237970,Titanfall 2,Action
202970,Call of Duty Black Ops II,Action
2849080,Kingdom Rush 5 Alliance TD,Indie
2849080,Kingdom Rush 5 Alliance TD,Strategy
1238840,Battlefield 1,Action
1238840,Battlefield 1,Massively Multiplayer
2062430,BALL x PIT,Action
2062430,BALL x PIT,Indie
1173800,FINAL FANTASY IV,RPG
292120,FINAL FANTASY XIII,RPG
594650,Hunt Showdown 1896,Action
312520,Rain World,Action
312520,Rain World,Adventure
312520,Rain World,Indie
2552450,KINGDOM HEARTS III  Re Mind DLC,Action
2552450,KINGDOM HEARTS III  Re Mind DLC,Adventure
2552450,KINGDOM HEARTS III  Re Mind DLC,RPG
2414270,Sunderfolk,RPG
2414270,Sunderfolk,Strategy
1203190,Wreckfest 2,Racing
1203190,Wreckfest 2,Early Access
2502780,Rangers Path National Park Simulator,Adventure
2502780,Rangers Path National Park Simulator,Simulation
2502780,Rangers Path National Park Simulator,Early Access
1173810,FINAL FANTASY V,RPG
22380,Fallout New Vegas,Action
22380,Fallout New Vegas,RPG
962130,Grounded,Action
962130,Grounded,Adventure
2966320,Starsand Island,Casual
2966320,Starsand Island,Indie
2966320,Starsand Island,RPG
2966320,Starsand Island,Simulation
2966320,Starsand Island,Early Access
2624870,Life is Strange Reunion,Action
2624870,Life is Strange Reunion,Adventure
371970,Barony,Action
371970,Barony,Adventure
371970,Barony,Indie
371970,Barony,RPG
1205970,MX vs ATV Legends,Racing
1205970,MX vs ATV Legends,Sports
1173790,FINAL FANTASY III,RPG
1363080,Manor Lords,Simulation
1363080,Manor Lords,Strategy
1363080,Manor Lords,Early Access
1984270,Digimon Story Time Stranger,RPG
1659040,HITMAN World of Assassination,Action
1659040,HITMAN World of Assassination,Adventure
393380,Squad,Action
393380,Squad,Indie
393380,Squad,Massively Multiplayer
393380,Squad,Strategy
285900,Gang Beasts,Action
285900,Gang Beasts,Adventure
285900,Gang Beasts,Casual
285900,Gang Beasts,Indie
285900,Gang Beasts,Simulation
1716740,Starfield,RPG
2643390,Star Trek Voyager  Across the Unknown,Indie
2643390,Star Trek Voyager  Across the Unknown,Strategy
65800,Dungeon Defenders,Action
65800,Dungeon Defenders,Indie
65800,Dungeon Defenders,RPG
65800,Dungeon Defenders,Strategy
2215430,Ghost of Tsushima DIRECTORS CUT,Action
2215430,Ghost of Tsushima DIRECTORS CUT,Adventure
47890,The Sims 3,Simulation
431240,Golf With Your Friends,Casual
431240,Golf With Your Friends,Indie
431240,Golf With Your Friends,Sports
1588550,Cairn,Action
1588550,Cairn,Adventure
1588550,Cairn,Indie
1588550,Cairn,Simulation
1588550,Cairn,Sports
1594320,Captain of Industry,Indie
1594320,Captain of Industry,Simulation
1594320,Captain of Industry,Strategy
1594320,Captain of Industry,Early Access
2358720,Black Myth Wukong,Action
2358720,Black Myth Wukong,Adventure
2358720,Black Myth Wukong,RPG
1295510,DRAGON QUEST XI S Echoes of an Elusive Age  Definitive Edition,Adventure
1295510,DRAGON QUEST XI S Echoes of an Elusive Age  Definitive Edition,RPG
2168680,Nuclear Option,Action
2168680,Nuclear Option,Indie
2168680,Nuclear Option,Simulation
2168680,Nuclear Option,Early Access
1260320,Party Animals,Action
1260320,Party Animals,Casual
1260320,Party Animals,Indie
2623190,The Elder Scrolls IV Oblivion Remastered,RPG
223750,DCS World Steam Edition,Simulation
223750,DCS World Steam Edition,Free To Play
1671210,DELTARUNE,Indie
1671210,DELTARUNE,RPG
714010,Aimlabs,Action
714010,Aimlabs,Adventure
714010,Aimlabs,Casual
714010,Aimlabs,Indie
714010,Aimlabs,Simulation
714010,Aimlabs,Free To Play
1364780,Street Fighter 6,Action
1364780,Street Fighter 6,Adventure
2070270,Cloudheim,Action
2070270,Cloudheim,Adventure
2070270,Cloudheim,RPG
2070270,Cloudheim,Early Access
655500,MX Bikes,Racing
655500,MX Bikes,Simulation
655500,MX Bikes,Sports
655500,MX Bikes,Early Access
1466860,Age of Empires IV Anniversary Edition,Strategy
1607250,MY HERO ULTRA RUMBLE,Action
1607250,MY HERO ULTRA RUMBLE,Casual
1607250,MY HERO ULTRA RUMBLE,Free To Play
1222680,Need for Speed Heat,Action
1222680,Need for Speed Heat,Adventure
1222680,Need for Speed Heat,Racing
1222680,Need for Speed Heat,Sports
3008130,Dying Light The Beast,Action
3008130,Dying Light The Beast,Adventure
3008130,Dying Light The Beast,RPG
2116120,Incursion Red River,Action
2116120,Incursion Red River,Early Access
2747330,Species Unknown,Action
2747330,Species Unknown,Indie
2747330,Species Unknown,Early Access
2201320,Date Everything,Simulation
2429640,Throne and Liberty,Action
2429640,Throne and Liberty,Adventure
2429640,Throne and Liberty,Massively Multiplayer
2429640,Throne and Liberty,RPG
2429640,Throne and Liberty,Free To Play
2950340,LEGO Harry Potter Collection,Action
2950340,LEGO Harry Potter Collection,Adventure
2950340,LEGO Harry Potter Collection,Casual
3357650,PRAGMATA,Action
3357650,PRAGMATA,Adventure
3602570,Horsey Game,Indie
3602570,Horsey Game,Simulation
1922560,Plants vs Zombies Garden Warfare 2 Deluxe Edition,Action
1922560,Plants vs Zombies Garden Warfare 2 Deluxe Edition,Casual
1922560,Plants vs Zombies Garden Warfare 2 Deluxe Edition,Strategy
2507950,Delta Force,Action
2507950,Delta Force,Adventure
2507950,Delta Force,Massively Multiplayer
2507950,Delta Force,Free To Play
3489700,Stellar Blade,Action
3489700,Stellar Blade,Adventure
3489700,Stellar Blade,RPG
2701660,DRAGON QUEST III HD2D Remake,RPG
1888930,The Last of Us Part I,Action
1888930,The Last of Us Part I,Adventure
1237950,STAR WARS Battlefront II,Action
1237950,STAR WARS Battlefront II,Adventure
2881650,Content Warning,Action
2881650,Content Warning,Adventure
2881650,Content Warning,Indie
703080,Planet Zoo,Casual
703080,Planet Zoo,Simulation
703080,Planet Zoo,Strategy
242760,The Forest,Action
242760,The Forest,Adventure
242760,The Forest,Indie
242760,The Forest,Simulation
1783560,The Last Caretaker,Action
1783560,The Last Caretaker,Adventure
1783560,The Last Caretaker,Indie
1783560,The Last Caretaker,Simulation
1783560,The Last Caretaker,Early Access
1863430,Dragonkin The Banished,Action
2141730,Backrooms Escape Together,Action
2141730,Backrooms Escape Together,Adventure
2141730,Backrooms Escape Together,Casual
2141730,Backrooms Escape Together,Indie
2141730,Backrooms Escape Together,Early Access
1645820,SurrounDead,Action
1645820,SurrounDead,Adventure
1645820,SurrounDead,Indie
1645820,SurrounDead,RPG
1645820,SurrounDead,Early Access
1030300,Hollow Knight Silksong,Action
1030300,Hollow Knight Silksong,Adventure
1030300,Hollow Knight Silksong,Indie
374320,DARK SOULS III,Action
3576870,Blossom The Seed of Life,Adventure
3576870,Blossom The Seed of Life,Indie
3035120,Is This Seat Taken,Casual
3035120,Is This Seat Taken,Indie
3180070,No Im not a Human,Indie
3180070,No Im not a Human,Simulation
413410,Danganronpa Trigger Happy Havoc,Adventure
1374490,RuneScape Dragonwilds,Action
1374490,RuneScape Dragonwilds,Adventure
1374490,RuneScape Dragonwilds,RPG
1374490,RuneScape Dragonwilds,Early Access
289070,Sid Meiers Civilization VI,Strategy
377840,FINAL FANTASY IX,RPG
508440,Totally Accurate Battle Simulator,Indie
508440,Totally Accurate Battle Simulator,Simulation
508440,Totally Accurate Battle Simulator,Strategy
292140,FINAL FANTASY XIII2,RPG
268910,Cuphead,Action
268910,Cuphead,Indie
3228590,Deadzone Rogue,Action
225540,Just Cause 3,Action
225540,Just Cause 3,Adventure
1026680,FINAL FANTASY VIII  REMASTERED,Adventure
1026680,FINAL FANTASY VIII  REMASTERED,RPG
2238900,STAR OCEAN THE SECOND STORY R,Action
2238900,STAR OCEAN THE SECOND STORY R,RPG
517630,Just Cause 4 Reloaded,Action
517630,Just Cause 4 Reloaded,Adventure
1527950,Wartales,Adventure
1527950,Wartales,Indie
1527950,Wartales,RPG
1527950,Wartales,Strategy
1676840,For The King II,Adventure
1676840,For The King II,Indie
1676840,For The King II,RPG
1676840,For The King II,Strategy
3159330,Assassins Creed Shadows,Action
3159330,Assassins Creed Shadows,Adventure
3159330,Assassins Creed Shadows,RPG
49520,Borderlands 2,Action
49520,Borderlands 2,RPG
1173770,FINAL FANTASY,RPG
42700,Call of Duty Black Ops,Action
2996040,Teenage Mutant Ninja Turtles Splintered Fate,Action
2996040,Teenage Mutant Ninja Turtles Splintered Fate,Adventure
2996040,Teenage Mutant Ninja Turtles Splintered Fate,Indie
2996040,Teenage Mutant Ninja Turtles Splintered Fate,RPG
2996040,Teenage Mutant Ninja Turtles Splintered Fate,Strategy
307690,Sleeping Dogs Definitive Edition,Action
307690,Sleeping Dogs Definitive Edition,Adventure
307690,Sleeping Dogs Definitive Edition,Racing
3364070,The Jackbox Party Pack 11,Adventure
3364070,The Jackbox Party Pack 11,Casual
3364070,The Jackbox Party Pack 11,Indie
3364070,The Jackbox Party Pack 11,RPG
3364070,The Jackbox Party Pack 11,Simulation
3364070,The Jackbox Party Pack 11,Strategy
304240,Resident Evil,Action
304240,Resident Evil,Adventure
567640,Danganronpa V3 Killing Harmony,Adventure
2794590,Scam Line,Indie
2794590,Scam Line,Early Access
1107320,OUTBRK,Action
1107320,OUTBRK,Adventure
1107320,OUTBRK,Simulation
1107320,OUTBRK,Strategy
1107320,OUTBRK,Early Access
1222700,A Way Out,Action
1222700,A Way Out,Adventure
1222700,A Way Out,Indie
2567870,Chained Together,Adventure
2567870,Chained Together,Casual
2567870,Chained Together,Indie
2567870,Chained Together,Simulation
552500,Warhammer Vermintide 2,Action
552500,Warhammer Vermintide 2,Indie
552500,Warhammer Vermintide 2,RPG
2531310,The Last of Us Part II Remastered,Action
2531310,The Last of Us Part II Remastered,Adventure
2142790,Fields of Mistria,Indie
2142790,Fields of Mistria,RPG
2142790,Fields of Mistria,Simulation
2142790,Fields of Mistria,Early Access
2101390,Lost and Found Co,Casual
2101390,Lost and Found Co,Indie
936790,Life is Strange True Colors,Action
936790,Life is Strange True Colors,Adventure
1127400,Mindustry,Strategy
767560,War Robots,Action
767560,War Robots,Free To Play
400750,Call to Arms  Gates of Hell Ostfront,Action
400750,Call to Arms  Gates of Hell Ostfront,Simulation
400750,Call to Arms  Gates of Hell Ostfront,Strategy
924970,Back 4 Blood,Action
1451050,Sherman Commander,Action
1451050,Sherman Commander,Indie
1451050,Sherman Commander,Simulation
1451050,Sherman Commander,Strategy
1011670,Totally Reliable Delivery Service,Action
1011670,Totally Reliable Delivery Service,Adventure
1011670,Totally Reliable Delivery Service,Casual
1011670,Totally Reliable Delivery Service,Indie
1011670,Totally Reliable Delivery Service,Racing
1011670,Totally Reliable Delivery Service,Simulation
2016590,Dark and Darker,Action
2016590,Dark and Darker,RPG
2016590,Dark and Darker,Free To Play
2016590,Dark and Darker,Early Access
1913370,OPERATOR,Action
1913370,OPERATOR,Indie
1913370,OPERATOR,RPG
1913370,OPERATOR,Simulation
1913370,OPERATOR,Strategy
1913370,OPERATOR,Early Access
1599600,PlateUp,Action
1599600,PlateUp,Casual
1599600,PlateUp,Indie
1599600,PlateUp,Strategy
1643320,STALKER 2 Heart of Chornobyl,Action
1643320,STALKER 2 Heart of Chornobyl,Adventure
1643320,STALKER 2 Heart of Chornobyl,RPG
2640950,Scott Pilgrim EX,Action
2640950,Scott Pilgrim EX,Adventure
850190,Goat Simulator 3,Adventure
850190,Goat Simulator 3,Casual
850190,Goat Simulator 3,Simulation
2350790,Moonlighter 2 The Endless Vault,Action
2350790,Moonlighter 2 The Endless Vault,Adventure
2350790,Moonlighter 2 The Endless Vault,RPG
2350790,Moonlighter 2 The Endless Vault,Early Access
1533390,Gorilla Tag,Action
1533390,Gorilla Tag,Casual
3557620,Blue Archive,Adventure
3557620,Blue Archive,Casual
3557620,Blue Archive,RPG
3557620,Blue Archive,Strategy
3557620,Blue Archive,Free To Play
2541530,AETHUS,Adventure
2541530,AETHUS,Casual
2541530,AETHUS,Indie
2541530,AETHUS,Simulation
2541530,AETHUS,Strategy
1041720,Kingdoms of Amalur ReReckoning,Action
1041720,Kingdoms of Amalur ReReckoning,RPG
3450310,Europa Universalis V,Strategy
292030,The Witcher 3 Wild Hunt,RPG
767320,Granblue Fantasy,RPG
1217060,Gunfire Reborn,Action
1217060,Gunfire Reborn,Adventure
1217060,Gunfire Reborn,Indie
1217060,Gunfire Reborn,RPG
2688950,Planet Coaster 2,Simulation
2688950,Planet Coaster 2,Strategy
2399420,Le Mans Ultimate,Racing
2399420,Le Mans Ultimate,Simulation
2399420,Le Mans Ultimate,Sports
2737070,Crime Simulator,Action
2737070,Crime Simulator,Indie
2737070,Crime Simulator,Simulation
2064610,Relic Guardian  Tower Defense,Adventure
2064610,Relic Guardian  Tower Defense,Casual
2064610,Relic Guardian  Tower Defense,Indie
2064610,Relic Guardian  Tower Defense,RPG
2064610,Relic Guardian  Tower Defense,Strategy
345350,LIGHTNING RETURNS FINAL FANTASY XIII,RPG
3767740,Outhold,Casual
3767740,Outhold,Simulation
3767740,Outhold,Strategy
1238060,Dead Space 3,Action
367520,Hollow Knight,Action
367520,Hollow Knight,Adventure
367520,Hollow Knight,Indie
3398110,The Walking Trade,Indie
3398110,The Walking Trade,Simulation
2943650,FragPunk,Action
2943650,FragPunk,Free To Play
1173780,FINAL FANTASY II,RPG
3164330,Infinity Nikki,Action
3164330,Infinity Nikki,Adventure
3164330,Infinity Nikki,Casual
3164330,Infinity Nikki,RPG
3164330,Infinity Nikki,Simulation
3164330,Infinity Nikki,Free To Play
204360,Castle Crashers,Action
204360,Castle Crashers,Adventure
204360,Castle Crashers,Casual
204360,Castle Crashers,Indie
204360,Castle Crashers,RPG
1934680,Age of Mythology Retold,Strategy
1621690,Core Keeper,Action
1621690,Core Keeper,Adventure
1621690,Core Keeper,Indie
1621690,Core Keeper,RPG
1621690,Core Keeper,Simulation
617290,Remnant From the Ashes,Action
617290,Remnant From the Ashes,Adventure
617290,Remnant From the Ashes,RPG
613830,CHRONO TRIGGER,RPG
3097300,Creature Kitchen,Casual
3097300,Creature Kitchen,Indie
3097300,Creature Kitchen,Simulation
1824220,Chivalry 2,Action
1824220,Chivalry 2,Massively Multiplayer
3274580,Anno 117 Pax Romana,Simulation
3274580,Anno 117 Pax Romana,Strategy
1569580,Blue Prince,Adventure
1569580,Blue Prince,Indie
1569580,Blue Prince,Strategy
339340,Resident Evil 0,Action
339340,Resident Evil 0,Adventure
880940,Pummel Party,Action
880940,Pummel Party,Casual
880940,Pummel Party,Indie
1999360,Placid Plastic Duck Simulator,Casual
1999360,Placid Plastic Duck Simulator,Simulation
1817070,Marvels SpiderMan Remastered,Action
1817070,Marvels SpiderMan Remastered,Adventure
1817070,Marvels SpiderMan Remastered,Casual
1868140,DAVE THE DIVER,Adventure
1868140,DAVE THE DIVER,Casual
1868140,DAVE THE DIVER,RPG
1868140,DAVE THE DIVER,Simulation
1281040,Baby Steps,Action
1281040,Baby Steps,Adventure
1281040,Baby Steps,Casual
1281040,Baby Steps,Indie
3645890,GONE Fishing,Action
3645890,GONE Fishing,Adventure
3645890,GONE Fishing,Indie
3645890,GONE Fishing,Early Access
620980,Beat Saber,Indie
2373990,Solo Leveling ARISE OVERDRIVE,Action
2373990,Solo Leveling ARISE OVERDRIVE,RPG
1846380,Need for Speed Unbound,Action
1846380,Need for Speed Unbound,Racing
2124120,SULFUR,Action
2124120,SULFUR,Adventure
2124120,SULFUR,Indie
2124120,SULFUR,RPG
2124120,SULFUR,Simulation
2124120,SULFUR,Early Access
1451090,Tactics Ogre Reborn,RPG
1451090,Tactics Ogre Reborn,Simulation
2956680,LORT,Action
2956680,LORT,Early Access
1604030,V Rising,Action
1604030,V Rising,Adventure
1604030,V Rising,Massively Multiplayer
322330,Dont Starve Together,Action
322330,Dont Starve Together,Adventure
322330,Dont Starve Together,Indie
322330,Dont Starve Together,RPG
322330,Dont Starve Together,Simulation
322330,Dont Starve Together,Strategy
573090,Stormworks Build and Rescue,Simulation
784080,MechWarrior 5 Mercenaries,Action
784080,MechWarrior 5 Mercenaries,Simulation
220200,Kerbal Space Program,Indie
220200,Kerbal Space Program,Simulation
2198150,Tiny Glade,Casual
2198150,Tiny Glade,Indie
2198150,Tiny Glade,Simulation
1888160,ARMORED CORE VI FIRES OF RUBICON,Action
1203220,NARAKA BLADEPOINT,Action
1203220,NARAKA BLADEPOINT,Adventure
1203220,NARAKA BLADEPOINT,Massively Multiplayer
1203220,NARAKA BLADEPOINT,Free To Play
1757300,Jump Space,Action
1757300,Jump Space,Adventure
1757300,Jump Space,Indie
1757300,Jump Space,Early Access
392160,X4 Foundations,Action
392160,X4 Foundations,Simulation
392160,X4 Foundations,Strategy
961200,Predecessor,Action
961200,Predecessor,Indie
961200,Predecessor,Massively Multiplayer
961200,Predecessor,RPG
961200,Predecessor,Strategy
961200,Predecessor,Free To Play
1845910,Dragon Age The Veilguard,Action
1845910,Dragon Age The Veilguard,Adventure
1845910,Dragon Age The Veilguard,RPG
1845910,Dragon Age The Veilguard,Strategy
218620,PAYDAY 2,Action
218620,PAYDAY 2,RPG
1820000,Homura Hime,Action
1820000,Homura Hime,Indie
244850,Space Engineers,Action
244850,Space Engineers,Indie
244850,Space Engineers,Simulation
244850,Space Engineers,Strategy
570940,DARK SOULS REMASTERED,Action
2417610,METAL GEAR SOLID  SNAKE EATER,Action
2417610,METAL GEAR SOLID  SNAKE EATER,Adventure
690790,DiRT Rally 20,Racing
690790,DiRT Rally 20,Simulation
690790,DiRT Rally 20,Sports
3846120,MineMogul,Indie
3846120,MineMogul,Simulation
3846120,MineMogul,Strategy
3846120,MineMogul,Early Access
3293260,Waterpark Simulator,Casual
3293260,Waterpark Simulator,Indie
3293260,Waterpark Simulator,Simulation
3293260,Waterpark Simulator,Early Access
2325290,Sky Children of the Light,Adventure
2325290,Sky Children of the Light,Casual
2325290,Sky Children of the Light,Indie
2325290,Sky Children of the Light,Massively Multiplayer
2325290,Sky Children of the Light,RPG
2325290,Sky Children of the Light,Free To Play
2325290,Sky Children of the Light,Early Access
2780980,LOCKDOWN Protocol,Action
2780980,LOCKDOWN Protocol,Casual
2780980,LOCKDOWN Protocol,Indie
2780980,LOCKDOWN Protocol,Strategy
881020,Granblue Fantasy Relink,Action
881020,Granblue Fantasy Relink,Adventure
881020,Granblue Fantasy Relink,RPG
965580,Root,Indie
965580,Root,Simulation
965580,Root,Strategy
2231380,Tom Clancys Ghost Recon Breakpoint,Action
2231380,Tom Clancys Ghost Recon Breakpoint,Adventure
1766060,HumanitZ,Action
1766060,HumanitZ,Adventure
1766060,HumanitZ,RPG
1238860,Battlefield 4,Action
774801,Crab Champions,Action
774801,Crab Champions,Adventure
774801,Crab Champions,Casual
774801,Crab Champions,Indie
774801,Crab Champions,Early Access
1238810,Battlefield V,Action
1089090,ONE PIECE PIRATE WARRIORS 4,Action
460930,Tom Clancys Ghost Recon Wildlands,Action
460930,Tom Clancys Ghost Recon Wildlands,Adventure
1158160,Coral Island,Adventure
1158160,Coral Island,Casual
1158160,Coral Island,Indie
1158160,Coral Island,RPG
1158160,Coral Island,Simulation
1158160,Coral Island,Strategy
361420,ASTRONEER,Adventure
361420,ASTRONEER,Indie
3115220,Town to City,Indie
3115220,Town to City,Simulation
3115220,Town to City,Strategy
2273980,Orcs Must Die Deathtrap,Action
2273980,Orcs Must Die Deathtrap,Indie
2273980,Orcs Must Die Deathtrap,Strategy
2879840,Escape Simulator 2,Adventure
2879840,Escape Simulator 2,Casual
2879840,Escape Simulator 2,Indie
2879840,Escape Simulator 2,Simulation
2104890,RoadCraft,Adventure
2104890,RoadCraft,Simulation
1657630,Slime Rancher 2,Action
1657630,Slime Rancher 2,Adventure
1657630,Slime Rancher 2,Casual
1657630,Slime Rancher 2,Indie
1657630,Slime Rancher 2,Simulation
1211020,Wobbly Life,Action
1211020,Wobbly Life,Adventure
1211020,Wobbly Life,Casual
1211020,Wobbly Life,Indie
1211020,Wobbly Life,Simulation
3057670,Pluto,Indie
3057670,Pluto,Strategy
2215200,LEGO Batman Legacy of the Dark Knight,Action
2215200,LEGO Batman Legacy of the Dark Knight,Adventure
2646460,Soulmask,Adventure
2646460,Soulmask,Indie
2646460,Soulmask,RPG
2646460,Soulmask,Simulation
2646460,Soulmask,Free To Play
1384160,GUILTY GEAR STRIVE,Action
686810,Hell Let Loose,Action
686810,Hell Let Loose,Indie
686810,Hell Let Loose,Massively Multiplayer
686810,Hell Let Loose,Simulation
686810,Hell Let Loose,Strategy
1343400,RuneScape ,Massively Multiplayer
1343400,RuneScape ,RPG
1343400,RuneScape ,Free To Play
1975580,Wild Woods,Action
1975580,Wild Woods,Casual
1975580,Wild Woods,Indie
1975580,Wild Woods,Early Access
2499860,DRAGON QUEST VII Reimagined,Adventure
2499860,DRAGON QUEST VII Reimagined,RPG
4015530,MyVoiceZoo,Casual
4015530,MyVoiceZoo,Indie
4015530,MyVoiceZoo,Simulation
2947440,SILENT HILL f,Action
2947440,SILENT HILL f,Adventure
2933620,Call of Duty Black Ops 6,Action
314650,SpaceEngine,Casual
314650,SpaceEngine,Indie
314650,SpaceEngine,Simulation
314650,SpaceEngine,Early Access
3199170,Blood Strike,Action
3199170,Blood Strike,Adventure
3199170,Blood Strike,Massively Multiplayer
3199170,Blood Strike,Strategy
3199170,Blood Strike,Free To Play
1229240,Chained Echoes,Indie
1229240,Chained Echoes,RPG
434170,The Jackbox Party Pack 3,Casual
434170,The Jackbox Party Pack 3,Indie
434170,The Jackbox Party Pack 3,Strategy
588430,Fallout Shelter,RPG
588430,Fallout Shelter,Simulation
588430,Fallout Shelter,Free To Play
2071280,Ravenswatch,Action
2071280,Ravenswatch,Adventure
454650,DRAGON BALL XENOVERSE 2,Action
454650,DRAGON BALL XENOVERSE 2,Adventure
454650,DRAGON BALL XENOVERSE 2,Casual
454650,DRAGON BALL XENOVERSE 2,Massively Multiplayer
1818450,STALCRAFT X,Action
1818450,STALCRAFT X,Massively Multiplayer
1818450,STALCRAFT X,RPG
1818450,STALCRAFT X,Free To Play
594570,Total War WARHAMMER II,Action
594570,Total War WARHAMMER II,Strategy
2487300,Docked,Simulation
1617400,The Bazaar,Strategy
2404880,Car Dealer Simulator,Casual
2404880,Car Dealer Simulator,Indie
2404880,Car Dealer Simulator,Simulation
552700,WORLD OF FINAL FANTASY,RPG
3226450,iRacing Arcade,Racing
2835570,Buckshot Roulette,Action
2835570,Buckshot Roulette,Indie
2835570,Buckshot Roulette,Simulation
3314070,The Sims 2 Legacy Collection,Simulation
10180,Call of Duty Modern Warfare 2 2009,Action
1149620,Gas Station Simulator,Casual
1149620,Gas Station Simulator,Indie
1149620,Gas Station Simulator,Simulation
2436570,DRAGON QUEST BUILDERS,Action
2436570,DRAGON QUEST BUILDERS,Adventure
2436570,DRAGON QUEST BUILDERS,RPG
805550,Assetto Corsa Competizione,Racing
805550,Assetto Corsa Competizione,Simulation
805550,Assetto Corsa Competizione,Sports
1240440,Halo Infinite,Action
1240440,Halo Infinite,Free To Play
753640,Outer Wilds,Action
753640,Outer Wilds,Adventure
2138720,REMATCH,Action
2138720,REMATCH,Indie
2138720,REMATCH,Sports
3059070,The Headliners,Action
3059070,The Headliners,Indie
342940,Project Gorgon,Indie
342940,Project Gorgon,Massively Multiplayer
342940,Project Gorgon,RPG
2607060,From Glory To Goo,Simulation
2607060,From Glory To Goo,Strategy
2607060,From Glory To Goo,Early Access
2772990,Ghost Janitors,Action
2772990,Ghost Janitors,Adventure
2772990,Ghost Janitors,Indie
3172700,Banquet for Fools,Action
3172700,Banquet for Fools,Adventure
3172700,Banquet for Fools,RPG
47780,Dead Space 2,Action
47780,Dead Space 2,Adventure
435150,Divinity Original Sin 2  Definitive Edition,Adventure
435150,Divinity Original Sin 2  Definitive Edition,RPG
435150,Divinity Original Sin 2  Definitive Edition,Strategy
359320,Elite Dangerous,Action
359320,Elite Dangerous,Adventure
359320,Elite Dangerous,Massively Multiplayer
359320,Elite Dangerous,RPG
359320,Elite Dangerous,Simulation
359320,Elite Dangerous,Strategy
3370870,Berry Bury Berry,Adventure
3370870,Berry Bury Berry,Casual
3370870,Berry Bury Berry,Indie
761890,Albion Online,Massively Multiplayer
761890,Albion Online,RPG
761890,Albion Online,Free To Play
2486820,Sonic Racing CrossWorlds,Action
2486820,Sonic Racing CrossWorlds,Adventure
2486820,Sonic Racing CrossWorlds,Racing
3314790,CloverPit,Action
3314790,CloverPit,Adventure
3314790,CloverPit,Indie
3314790,CloverPit,Simulation
3314790,CloverPit,Sports
3314790,CloverPit,Strategy
1343370,Old School RuneScape,Adventure
1343370,Old School RuneScape,Massively Multiplayer
1343370,Old School RuneScape,RPG
1343370,Old School RuneScape,Free To Play
459820,Crush Crush,Casual
459820,Crush Crush,Indie
459820,Crush Crush,Free To Play
1211630,The Jackbox Party Pack 7,Casual
1211630,The Jackbox Party Pack 7,Indie
1211630,The Jackbox Party Pack 7,Strategy
1702010,Sengoku Dynasty,Adventure
1702010,Sengoku Dynasty,RPG
1702010,Sengoku Dynasty,Simulation
1286220,Sea Power  Naval Combat in the Missile Age,Action
1286220,Sea Power  Naval Combat in the Missile Age,Simulation
1286220,Sea Power  Naval Combat in the Missile Age,Strategy
1286220,Sea Power  Naval Combat in the Missile Age,Early Access
2878600,Harry Potter Quidditch Champions,Action
2878600,Harry Potter Quidditch Champions,Sports
1985810,Call of Duty Black Ops Cold War,Action
424840,Little Nightmares,Adventure
1850510,TRIANGLE STRATEGY,RPG
1850510,TRIANGLE STRATEGY,Simulation
1850510,TRIANGLE STRATEGY,Strategy
1796470,Haste,Action
1796470,Haste,Adventure
1796470,Haste,Indie
1796470,Haste,Racing
2648050,Sam  Max The Devils Playhouse,Adventure
2648050,Sam  Max The Devils Playhouse,Indie
1289670,EA Play,Action
1289670,EA Play,Sports
1627720,Lies of P,Action
1627720,Lies of P,Adventure
1627720,Lies of P,RPG
2698940,The Crew Motorfest,Racing
2507820,Bloodgrounds,Indie
2507820,Bloodgrounds,RPG
2507820,Bloodgrounds,Strategy
1593500,God of War,Action
1593500,God of War,Adventure
1593500,God of War,RPG
582010,Monster Hunter World,Action
1517290,Battlefield 2042,Action
1517290,Battlefield 2042,Adventure
1517290,Battlefield 2042,Casual
2101960,Cronos The New Dawn,Action
227300,Euro Truck Simulator 2,Indie
227300,Euro Truck Simulator 2,Simulation
2119830,MISERY,Action
2119830,MISERY,Adventure
2119830,MISERY,Indie
2119830,MISERY,Massively Multiplayer
2119830,MISERY,Simulation
1432860,Sun Haven,Adventure
1432860,Sun Haven,Casual
1432860,Sun Haven,Indie
1432860,Sun Haven,RPG
1432860,Sun Haven,Simulation
620,Portal 2,Action
620,Portal 2,Adventure
391540,Undertale,Indie
391540,Undertale,RPG
2490990,Visions of Mana,Action
2490990,Visions of Mana,RPG
680420,OUTRIDERS,Action
680420,OUTRIDERS,Adventure
680420,OUTRIDERS,RPG
1486920,Tempest Rising,Action
1486920,Tempest Rising,Strategy
997010,Police Simulator Patrol Officers,Simulation
1592190,BONELAB,Action
1592190,BONELAB,Adventure
1592190,BONELAB,Simulation
1794680,Vampire Survivors,Action
1794680,Vampire Survivors,Casual
1794680,Vampire Survivors,Indie
1794680,Vampire Survivors,RPG
3156770,Witchfire,Action
3156770,Witchfire,Early Access
629730,Blade and Sorcery,Action
629730,Blade and Sorcery,Adventure
629730,Blade and Sorcery,Indie
629730,Blade and Sorcery,RPG
629730,Blade and Sorcery,Simulation
333640,Caves of Qud,Adventure
333640,Caves of Qud,Indie
333640,Caves of Qud,RPG
333640,Caves of Qud,Strategy
814380,Sekiro Shadows Die Twice  GOTY Edition,Action
814380,Sekiro Shadows Die Twice  GOTY Edition,Adventure
546560,HalfLife Alyx,Action
546560,HalfLife Alyx,Adventure
1367550,Kingdom Rush Vengeance  Tower Defense,Strategy
2124490,SILENT HILL 2,Action
2124490,SILENT HILL 2,Adventure
1997660,GreedFall The Dying World,Action
1997660,GreedFall The Dying World,Adventure
1997660,GreedFall The Dying World,RPG
3556750,Warhammer 40000 Dawn of War  Definitive Edition,Strategy
1816300,HARVESTELLA,Action
1816300,HARVESTELLA,RPG
1816300,HARVESTELLA,Simulation
835570,Conquerors Blade,Action
835570,Conquerors Blade,Massively Multiplayer
835570,Conquerors Blade,RPG
835570,Conquerors Blade,Strategy
835570,Conquerors Blade,Free To Play
1154030,Titan Quest II,Action
1154030,Titan Quest II,RPG
1154030,Titan Quest II,Early Access
926990,WolfQuest Anniversary Edition,Action
926990,WolfQuest Anniversary Edition,RPG
926990,WolfQuest Anniversary Edition,Simulation
492720,Tropico 6,Simulation
492720,Tropico 6,Strategy
1250410,Microsoft Flight Simulator 2020 40th Anniversary Edition,Simulation
1588530,Dungeon Alchemist,RPG
1588530,Dungeon Alchemist,Early Access
293760,Automation  The Car Company Tycoon Game,Indie
293760,Automation  The Car Company Tycoon Game,Racing
293760,Automation  The Car Company Tycoon Game,Simulation
293760,Automation  The Car Company Tycoon Game,Strategy
293760,Automation  The Car Company Tycoon Game,Early Access
3361510,Coal LLC,Indie
3361510,Coal LLC,Simulation
3361510,Coal LLC,Strategy
505460,Foxhole,Action
505460,Foxhole,Indie
505460,Foxhole,Massively Multiplayer
505460,Foxhole,RPG
505460,Foxhole,Strategy
379430,Kingdom Come Deliverance,Action
379430,Kingdom Come Deliverance,Adventure
379430,Kingdom Come Deliverance,RPG
815370,Green Hell,Action
815370,Green Hell,Adventure
815370,Green Hell,Indie
815370,Green Hell,Simulation
4206270,Wireworks,Indie
4206270,Wireworks,Simulation
4206270,Wireworks,Strategy
1812370,Little Goody Two Shoes,Adventure
1812370,Little Goody Two Shoes,RPG
341800,Keep Talking and Nobody Explodes,Indie
2916430,Fast Food Simulator,Indie
2916430,Fast Food Simulator,Simulation
2916430,Fast Food Simulator,Early Access
24200,DC Universe Online,Action
24200,DC Universe Online,Adventure
24200,DC Universe Online,Massively Multiplayer
24200,DC Universe Online,RPG
24200,DC Universe Online,Free To Play
1557740,ROUNDS,Action
1557740,ROUNDS,Indie
2356560,Monster Hunter Stories,RPG
1040200,Crime Scene Cleaner,Action
1040200,Crime Scene Cleaner,Simulation
477160,Human Fall Flat,Adventure
477160,Human Fall Flat,Casual
477160,Human Fall Flat,Indie
477160,Human Fall Flat,Simulation
1699480,KLETKA,Action
1699480,KLETKA,Adventure
1699480,KLETKA,Indie
3681810,Blue Protocol Star Resonance,Action
3681810,Blue Protocol Star Resonance,Adventure
3681810,Blue Protocol Star Resonance,Massively Multiplayer
3681810,Blue Protocol Star Resonance,RPG
3681810,Blue Protocol Star Resonance,Free To Play
1262560,Need for Speed Most Wanted,Action
1262560,Need for Speed Most Wanted,Adventure
1262560,Need for Speed Most Wanted,Racing
581320,Insurgency Sandstorm,Action
611790,House Party,Adventure
611790,House Party,Casual
611790,House Party,Indie
611790,House Party,RPG
611790,House Party,Simulation
2426960,Summoners War,RPG
2426960,Summoners War,Strategy
2426960,Summoners War,Free To Play
1114150,CarX Street,Massively Multiplayer
1114150,CarX Street,Racing
1114150,CarX Street,Simulation
1114150,CarX Street,Sports
1118200,People Playground,Action
1118200,People Playground,Casual
1118200,People Playground,Indie
1118200,People Playground,Simulation
667970,VTOL VR,Action
667970,VTOL VR,Indie
667970,VTOL VR,Simulation
1680880,Forspoken,Action
1680880,Forspoken,Adventure
1680880,Forspoken,RPG
690830,Foundation,Indie
690830,Foundation,Simulation
690830,Foundation,Strategy
1996390,Escape from Ever After,Adventure
1996390,Escape from Ever After,Indie
1996390,Escape from Ever After,RPG
2625420,Drive Beyond Horizons,Action
2625420,Drive Beyond Horizons,Adventure
2625420,Drive Beyond Horizons,Casual
2625420,Drive Beyond Horizons,Indie
2625420,Drive Beyond Horizons,Racing
2625420,Drive Beyond Horizons,Simulation
2625420,Drive Beyond Horizons,Early Access
3226530,Tower Dominion,Strategy
12210,Grand Theft Auto IV The Complete Edition,Action
12210,Grand Theft Auto IV The Complete Edition,Adventure
493520,GTFO,Action
3720460,KEEP GAMBLING,Action
3720460,KEEP GAMBLING,Indie
3720460,KEEP GAMBLING,Simulation
1583230,High On Life,Action
1583230,High On Life,Adventure
2288470,Aethermancer,Adventure
2288470,Aethermancer,Indie
2288470,Aethermancer,RPG
2288470,Aethermancer,Strategy
2288470,Aethermancer,Early Access
1637320,Dome Keeper,Action
1637320,Dome Keeper,Adventure
1637320,Dome Keeper,Indie
1637320,Dome Keeper,Simulation
1139980,Travellers Rest,Adventure
1139980,Travellers Rest,Casual
1139980,Travellers Rest,Indie
1139980,Travellers Rest,RPG
1139980,Travellers Rest,Simulation
1139980,Travellers Rest,Early Access
1145360,Hades,Action
1145360,Hades,Indie
1145360,Hades,RPG
1522820,Orcs Must Die 3,Action
1522820,Orcs Must Die 3,Adventure
1522820,Orcs Must Die 3,Indie
1522820,Orcs Must Die 3,Strategy
1435790,Escape Simulator,Adventure
1435790,Escape Simulator,Casual
1435790,Escape Simulator,Indie
1435790,Escape Simulator,Simulation
588650,Dead Cells,Action
588650,Dead Cells,Adventure
588650,Dead Cells,Indie
1657740,Mr Sleepy Man,Adventure
1657740,Mr Sleepy Man,Indie
2444750,Shape of Dreams,Action
2444750,Shape of Dreams,Adventure
2444750,Shape of Dreams,Indie
2444750,Shape of Dreams,RPG
1647550,NEO The World Ends with You,Action
1647550,NEO The World Ends with You,RPG
2352620,Fellowship,RPG
2352620,Fellowship,Early Access
1332010,Stray,Adventure
1332010,Stray,Indie
22370,Fallout 3 Game of the Year Edition,RPG
1929610,Demonologist,Action
1929610,Demonologist,Adventure
1929610,Demonologist,Indie
42680,Call of Duty Modern Warfare 3 2011,Action
1817190,Marvels SpiderMan Miles Morales,Action
1817190,Marvels SpiderMan Miles Morales,Adventure
1171690,Wayfinder,Action
1171690,Wayfinder,Adventure
1171690,Wayfinder,RPG
2459550,Emberward,Action
2459550,Emberward,Adventure
2459550,Emberward,Indie
2459550,Emberward,RPG
2459550,Emberward,Simulation
2459550,Emberward,Strategy
2459550,Emberward,Free To Play
2459550,Emberward,Early Access
495420,State of Decay 2 Juggernaut Edition,Action
495420,State of Decay 2 Juggernaut Edition,RPG
495420,State of Decay 2 Juggernaut Edition,Simulation
1449110,The Outer Worlds 2,Action
1449110,The Outer Worlds 2,Adventure
1449110,The Outer Worlds 2,RPG
2362060,CODE VEIN II,Action
2362060,CODE VEIN II,RPG
1262350,SIGNALIS,Action
1262350,SIGNALIS,Adventure
1262350,SIGNALIS,Indie
2001070,Heart of the Machine,RPG
2001070,Heart of the Machine,Simulation
2001070,Heart of the Machine,Strategy
1971870,Mortal Kombat 1,Action
1238000,Mass Effect Andromeda Deluxe Edition,Action
1238000,Mass Effect Andromeda Deluxe Edition,RPG
2479650,SpongeBob SquarePants Titans of the Tide,Action
2479650,SpongeBob SquarePants Titans of the Tide,Adventure
2072560,DRAGON BALL GEKISHIN SQUADRA,Action
2072560,DRAGON BALL GEKISHIN SQUADRA,Free To Play
2106840,PARANORMASIGHT The Seven Mysteries of Honjo,Adventure
2106840,PARANORMASIGHT The Seven Mysteries of Honjo,RPG
2106840,PARANORMASIGHT The Seven Mysteries of Honjo,Simulation
2133760,Tiny Bookshop,Casual
2133760,Tiny Bookshop,Indie
2133760,Tiny Bookshop,RPG
2133760,Tiny Bookshop,Simulation
2009350,Out of Ore,Adventure
2009350,Out of Ore,Casual
2009350,Out of Ore,Simulation
2009350,Out of Ore,Strategy
1259420,Days Gone,Action
1259420,Days Gone,Adventure
1288320,Way of the Hunter,Adventure
1288320,Way of the Hunter,Simulation
1288320,Way of the Hunter,Sports
242050,Assassins Creed IV Black Flag,Action
242050,Assassins Creed IV Black Flag,Adventure
1164940,Trepang2,Action
1164940,Trepang2,Indie
2051620,Enlisted,Action
2051620,Enlisted,Massively Multiplayer
2051620,Enlisted,Free To Play
1119730,Ranch Simulator Build Hunt Farm,Simulation
17390,SPORE,Action
17390,SPORE,Adventure
17390,SPORE,Casual
17390,SPORE,RPG
17390,SPORE,Simulation
17390,SPORE,Strategy
3258290,Equinox Homecoming,Massively Multiplayer
3258290,Equinox Homecoming,RPG
1225570,Unravel Two,Action
1225570,Unravel Two,Adventure
470220,UNO,Casual
230290,Universe Sandbox,Casual
230290,Universe Sandbox,Indie
230290,Universe Sandbox,Simulation
230290,Universe Sandbox,Early Access
848450,Subnautica Below Zero,Adventure
848450,Subnautica Below Zero,Indie
532210,Life is Strange 2,Adventure
444200,World of Tanks Blitz,Action
444200,World of Tanks Blitz,Massively Multiplayer
444200,World of Tanks Blitz,Simulation
444200,World of Tanks Blitz,Strategy
444200,World of Tanks Blitz,Free To Play
1677280,Company of Heroes 3,Action
1677280,Company of Heroes 3,Strategy
2524890,Pixel Gun 3D PC Edition,Action
2524890,Pixel Gun 3D PC Edition,Adventure
2524890,Pixel Gun 3D PC Edition,Massively Multiplayer
2524890,Pixel Gun 3D PC Edition,Free To Play
1133870,Space Engineers 2,Action
1133870,Space Engineers 2,Indie
1133870,Space Engineers 2,Simulation
1133870,Space Engineers 2,Strategy
1133870,Space Engineers 2,Early Access
3061570,Persona5 The Phantom X,Adventure
3061570,Persona5 The Phantom X,RPG
3061570,Persona5 The Phantom X,Free To Play
2000950,Call of Duty Modern Warfare,Action
606160,ROUTINE,Action
606160,ROUTINE,Adventure
606160,ROUTINE,Indie
208650,Batman Arkham Knight,Action
208650,Batman Arkham Knight,Adventure
356190,Middleearth Shadow of War,Action
356190,Middleearth Shadow of War,Adventure
356190,Middleearth Shadow of War,RPG
1243830,Overcooked All You Can Eat,Casual
1243830,Overcooked All You Can Eat,Indie
1243830,Overcooked All You Can Eat,Simulation
1243830,Overcooked All You Can Eat,Strategy
2185060,Two Point Museum,Casual
2185060,Two Point Museum,Indie
2185060,Two Point Museum,Simulation
2185060,Two Point Museum,Strategy
200210,Realm of the Mad God Exalt,Action
200210,Realm of the Mad God Exalt,Adventure
200210,Realm of the Mad God Exalt,Indie
200210,Realm of the Mad God Exalt,Massively Multiplayer
200210,Realm of the Mad God Exalt,RPG
200210,Realm of the Mad God Exalt,Free To Play
1440440,Sam  Max Save the World,Adventure
1440440,Sam  Max Save the World,Indie
1548850,Six Days in Fallujah,Action
1548850,Six Days in Fallujah,Early Access
860510,Little Nightmares II,Adventure
1850570,DEATH STRANDING DIRECTORS CUT,Action
1850570,DEATH STRANDING DIRECTORS CUT,Adventure
2475490,Mouthwashing,Adventure
2475490,Mouthwashing,Indie
975370,Dwarf Fortress,Indie
975370,Dwarf Fortress,Simulation
975370,Dwarf Fortress,Strategy
2191500,Vampires Bloodlord Rising,Action
2191500,Vampires Bloodlord Rising,Adventure
2191500,Vampires Bloodlord Rising,RPG
2191500,Vampires Bloodlord Rising,Simulation
2191500,Vampires Bloodlord Rising,Early Access
292730,Call of Duty Infinite Warfare,Action
292730,Call of Duty Infinite Warfare,Adventure
1419170,My Singing Monsters,Casual
1419170,My Singing Monsters,Simulation
1419170,My Singing Monsters,Free To Play
2455640,Romancing SaGa 2 Revenge of the Seven,RPG
1604270,Broken Arrow,Strategy
2993780,FANTASY LIFE i The Girl Who Steals Time,RPG
212500,The Lord of the Rings Online,Action
212500,The Lord of the Rings Online,Adventure
212500,The Lord of the Rings Online,Massively Multiplayer
212500,The Lord of the Rings Online,RPG
212500,The Lord of the Rings Online,Free To Play
1641960,Forever Skies,Action
1641960,Forever Skies,Adventure
1641960,Forever Skies,Indie
1641960,Forever Skies,Simulation
1263240,Skate Story,Action
1263240,Skate Story,Adventure
1263240,Skate Story,Indie
1263240,Skate Story,RPG
1263240,Skate Story,Sports
678950,DRAGON BALL FighterZ,Action
3917090,Assetto Corsa Rally,Racing
3917090,Assetto Corsa Rally,Early Access
2457220,Avowed,RPG
8930,Sid Meiers Civilization V,Strategy
1997040,MARVEL SNAP,Casual
1997040,MARVEL SNAP,Strategy
1997040,MARVEL SNAP,Free To Play
427730,Whos Your Daddy,Action
427730,Whos Your Daddy,Casual
427730,Whos Your Daddy,Indie
1248130,Farming Simulator 22,Simulation
1282270,Strinova,Action
1282270,Strinova,Massively Multiplayer
1282270,Strinova,Free To Play
504230,Celeste,Action
504230,Celeste,Adventure
504230,Celeste,Indie
1611600,WARNO,Action
1611600,WARNO,Indie
1611600,WARNO,Simulation
1611600,WARNO,Strategy
2867470,Collectors Cove,Casual
2867470,Collectors Cove,Indie
2867470,Collectors Cove,Simulation
364360,Total War WARHAMMER,Action
364360,Total War WARHAMMER,Strategy
413420,Danganronpa 2 Goodbye Despair,Adventure
872670,SCP 5K,Action
872670,SCP 5K,Indie
872670,SCP 5K,Massively Multiplayer
872670,SCP 5K,Strategy
872670,SCP 5K,Early Access
1266700,Destroy All Humans 2  Reprobed,Action
1266700,Destroy All Humans 2  Reprobed,Adventure
1029780,Going Medieval,Indie
1029780,Going Medieval,RPG
1029780,Going Medieval,Simulation
1029780,Going Medieval,Strategy
228380,Wreckfest,Action
228380,Wreckfest,Indie
228380,Wreckfest,Racing
228380,Wreckfest,Simulation
228380,Wreckfest,Sports
1273400,Construction Simulator,Casual
1273400,Construction Simulator,Simulation
1898300,ASKA,Adventure
1898300,ASKA,Simulation
1898300,ASKA,Strategy
1898300,ASKA,Early Access
2175540,DRAGON QUEST MONSTERS The Dark Prince,RPG
3028310,Nordhold,Indie
3028310,Nordhold,Strategy
219990,Grim Dawn,Action
219990,Grim Dawn,Adventure
219990,Grim Dawn,Indie
219990,Grim Dawn,RPG
2832310,ITER8,Action
2832310,ITER8,Casual
2832310,ITER8,Indie
2832310,ITER8,Simulation
2832310,ITER8,Strategy
1607680,Bread  Fred,Action
1607680,Bread  Fred,Adventure
1607680,Bread  Fred,Casual
1607680,Bread  Fred,Indie
368260,Marvels Midnight Suns,RPG
368260,Marvels Midnight Suns,Strategy
2014380,LIVE A LIVE,Adventure
2014380,LIVE A LIVE,RPG
747660,Five Nights at Freddys Security Breach,Action
747660,Five Nights at Freddys Security Breach,Adventure
747660,Five Nights at Freddys Security Breach,Indie
3707400,OnTogether Virtual CoWorking,Casual
3707400,OnTogether Virtual CoWorking,Indie
3707400,OnTogether Virtual CoWorking,Simulation
2903950,Master Detective Archives RAIN CODE Plus,Action
2903950,Master Detective Archives RAIN CODE Plus,Adventure
3669570,Alchemy Factory,Casual
3669570,Alchemy Factory,Indie
3669570,Alchemy Factory,Simulation
3669570,Alchemy Factory,Strategy
3669570,Alchemy Factory,Early Access
2131680,METAL GEAR  METAL GEAR 2 Solid Snake,Action
1501750,Lords of the Fallen,Action
1501750,Lords of the Fallen,Adventure
1501750,Lords of the Fallen,RPG
3215050,Surviving Mars Relaunched,Simulation
3215050,Surviving Mars Relaunched,Strategy
1274600,The Last Faith,Action
1274600,The Last Faith,Adventure
1274600,The Last Faith,Indie
424030,War of Rights,Action
424030,War of Rights,Indie
424030,War of Rights,Massively Multiplayer
424030,War of Rights,Simulation
424030,War of Rights,Strategy
424030,War of Rights,Early Access
305620,The Long Dark,Adventure
305620,The Long Dark,Indie
305620,The Long Dark,Simulation
305620,The Long Dark,Strategy
1747050,Sam  Max Beyond Time and Space,Adventure
1747050,Sam  Max Beyond Time and Space,Indie
2321470,Deep Rock Galactic Survivor,Action
3500390,Mega Man Star Force Legacy Collection,Action
3500390,Mega Man Star Force Legacy Collection,RPG
3500390,Mega Man Star Force Legacy Collection,Strategy
466560,Northgard Definitive Edition,Adventure
466560,Northgard Definitive Edition,Indie
466560,Northgard Definitive Edition,Simulation
466560,Northgard Definitive Edition,Strategy
2333480,RAID Shadow Legends,Massively Multiplayer
2333480,RAID Shadow Legends,RPG
2333480,RAID Shadow Legends,Strategy
2333480,RAID Shadow Legends,Free To Play
3092660,Reverse 1999,RPG
3092660,Reverse 1999,Free To Play
513710,SCUM,Action
513710,SCUM,Adventure
513710,SCUM,Indie
513710,SCUM,Massively Multiplayer
2726490,Hamster Hunter,Action
2726490,Hamster Hunter,Adventure
2726490,Hamster Hunter,Casual
2726490,Hamster Hunter,Indie
2726490,Hamster Hunter,Simulation
3656800,Train Sim World 6,Simulation
214950,Total War ROME II  Emperor Edition,Strategy
568220,Lobotomy Corporation  Monster Management Simulation,Indie
568220,Lobotomy Corporation  Monster Management Simulation,Simulation
1066890,Automobilista 2,Action
1066890,Automobilista 2,Indie
1066890,Automobilista 2,Racing
1066890,Automobilista 2,Simulation
1066890,Automobilista 2,Sports
109600,Neverwinter,Action
109600,Neverwinter,Adventure
109600,Neverwinter,Massively Multiplayer
109600,Neverwinter,RPG
109600,Neverwinter,Free To Play
502500,ACE COMBAT 7 SKIES UNKNOWN,Action
502500,ACE COMBAT 7 SKIES UNKNOWN,Simulation
457140,Oxygen Not Included,Indie
457140,Oxygen Not Included,Simulation
3483740,Cast n Chill,Casual
3483740,Cast n Chill,Indie
3483740,Cast n Chill,RPG
3483740,Cast n Chill,Simulation
3483740,Cast n Chill,Sports
544750,SOULCALIBUR VI,Action
1335200,Action Taimanin,Action
1335200,Action Taimanin,Adventure
1335200,Action Taimanin,RPG
1335200,Action Taimanin,Free To Play
1974050,Torchlight Infinite,Action
1974050,Torchlight Infinite,Adventure
1974050,Torchlight Infinite,RPG
1974050,Torchlight Infinite,Free To Play
3768760,007 First Light,Action
3768760,007 First Light,Adventure
1451190,Undisputed,Action
1451190,Undisputed,Simulation
1451190,Undisputed,Sports
1056640,Phantasy Star Online 2 New Genesis,Action
1056640,Phantasy Star Online 2 New Genesis,Massively Multiplayer
1056640,Phantasy Star Online 2 New Genesis,RPG
1056640,Phantasy Star Online 2 New Genesis,Free To Play
2683150,Ale  Tale Tavern,Action
2683150,Ale  Tale Tavern,Adventure
2683150,Ale  Tale Tavern,Casual
2683150,Ale  Tale Tavern,Indie
2683150,Ale  Tale Tavern,Simulation
500,Left 4 Dead,Action
397540,Borderlands 3,Action
397540,Borderlands 3,RPG
635260,CarX Drift Racing Online,Action
635260,CarX Drift Racing Online,Casual
635260,CarX Drift Racing Online,Massively Multiplayer
635260,CarX Drift Racing Online,Racing
635260,CarX Drift Racing Online,Simulation
635260,CarX Drift Racing Online,Sports
1385380,Across the Obelisk,Adventure
1385380,Across the Obelisk,Indie
1385380,Across the Obelisk,RPG
1385380,Across the Obelisk,Strategy
1575940,Sins of a Solar Empire II,Simulation
1575940,Sins of a Solar Empire II,Strategy
254700,Resident Evil 4 2005,Action
254700,Resident Evil 4 2005,Adventure
3265230,Cursed Companions,Action
3265230,Cursed Companions,Adventure
3265230,Cursed Companions,Indie
2161700,Persona 3 Reload,Adventure
2161700,Persona 3 Reload,RPG
2161700,Persona 3 Reload,Strategy
886250,Vegas Infinite by PokerStars,Casual
886250,Vegas Infinite by PokerStars,Strategy
886250,Vegas Infinite by PokerStars,Free To Play
534380,Dying Light 2 Stay Human Reloaded Edition,Action
534380,Dying Light 2 Stay Human Reloaded Edition,Adventure
534380,Dying Light 2 Stay Human Reloaded Edition,RPG
1942110,Bootstrap Island,Action
1942110,Bootstrap Island,Adventure
1942110,Bootstrap Island,Indie
1942110,Bootstrap Island,Simulation
1942110,Bootstrap Island,Strategy
206480,Dungeons  Dragons Online,Action
206480,Dungeons  Dragons Online,Adventure
206480,Dungeons  Dragons Online,Massively Multiplayer
206480,Dungeons  Dragons Online,RPG
206480,Dungeons  Dragons Online,Free To Play
220740,Chaos on Deponia,Adventure
220740,Chaos on Deponia,Indie
287700,METAL GEAR SOLID V THE PHANTOM PAIN,Action
287700,METAL GEAR SOLID V THE PHANTOM PAIN,Adventure
2420110,Horizon Forbidden West Complete Edition,Action
2420110,Horizon Forbidden West Complete Edition,RPG
516750,My Summer Car,Indie
516750,My Summer Car,Racing
516750,My Summer Car,Simulation
1222690,Dragon Age Inquisition,Action
1222690,Dragon Age Inquisition,Adventure
1222690,Dragon Age Inquisition,RPG
1222690,Dragon Age Inquisition,Strategy
3901910,The Liar Princess and the Blind Prince,Action
3901910,The Liar Princess and the Blind Prince,Adventure
3819640,Megastore Simulator,Casual
3819640,Megastore Simulator,Indie
3819640,Megastore Simulator,Simulation
3819640,Megastore Simulator,Early Access
2716400,The Rise of the Golden Idol,Adventure
2716400,The Rise of the Golden Idol,Indie
312750,Final Fantasy IV 3D Remake,RPG
2634950,Tokyo Xtreme Racer,Racing
2634950,Tokyo Xtreme Racer,RPG
1222140,Detroit Become Human,Action
1222140,Detroit Become Human,Adventure
3454650,BitCraft Online,Indie
3454650,BitCraft Online,Massively Multiplayer
3454650,BitCraft Online,RPG
3454650,BitCraft Online,Early Access
1995520,Pax Dei,Action
1995520,Pax Dei,Adventure
1995520,Pax Dei,Massively Multiplayer
1995520,Pax Dei,RPG
1995520,Pax Dei,Simulation
1942280,Brotato,Action
1942280,Brotato,Casual
1942280,Brotato,Indie
1942280,Brotato,RPG
1942280,Brotato,Free To Play
3467040,Bookshop Simulator,Simulation
3467040,Bookshop Simulator,Early Access
812140,Assassins Creed Odyssey,Action
812140,Assassins Creed Odyssey,Adventure
812140,Assassins Creed Odyssey,RPG
552100,Brick Rigs,Simulation
1044720,Farthest Frontier,Indie
1044720,Farthest Frontier,Simulation
1044720,Farthest Frontier,Strategy
410340,Liftoff FPV Drone Racing,Indie
410340,Liftoff FPV Drone Racing,Racing
410340,Liftoff FPV Drone Racing,Simulation
410340,Liftoff FPV Drone Racing,Sports
2305640,Bladesong,Indie
2305640,Bladesong,RPG
2305640,Bladesong,Simulation
2305640,Bladesong,Early Access
2488370,Cash Cleaner Simulator,Casual
2488370,Cash Cleaner Simulator,Indie
2488370,Cash Cleaner Simulator,Simulation
4197990,Cargo Hunters,Action
4197990,Cargo Hunters,Adventure
4197990,Cargo Hunters,Early Access
1627570,The Plucky Squire,Adventure
1880620,Once Upon A KATAMARI,Action
1880620,Once Upon A KATAMARI,Casual
335300,DARK SOULS II Scholar of the First Sin,Action
335300,DARK SOULS II Scholar of the First Sin,RPG
1222730,STAR WARS Squadrons,Action
1222730,STAR WARS Squadrons,Simulation
1677770,The Case of the Golden Idol,Adventure
1677770,The Case of the Golden Idol,Indie
3167020,Escape From Duckov,Action
3167020,Escape From Duckov,Adventure
3167020,Escape From Duckov,Indie
3167020,Escape From Duckov,RPG
433340,Slime Rancher,Action
433340,Slime Rancher,Adventure
433340,Slime Rancher,Indie
433340,Slime Rancher,Simulation
756800,Contraband Police,Action
756800,Contraband Police,Adventure
756800,Contraband Police,Simulation
1904480,Absolum,Action
1904480,Absolum,Adventure
1904480,Absolum,Indie
1904480,Absolum,RPG
2677660,Indiana Jones and the Great Circle,Action
2677660,Indiana Jones and the Great Circle,Adventure
2169200,Sniper Elite Resistance,Action
2169200,Sniper Elite Resistance,Adventure
1005300,The Jackbox Party Pack 6,Casual
1005300,The Jackbox Party Pack 6,Indie
1005300,The Jackbox Party Pack 6,Strategy
1357210,Galactic Civilizations IV,Simulation
1357210,Galactic Civilizations IV,Strategy
2440510,Forza Motorsport,Racing
2909110,Nuclear Nightmare,Action
2909110,Nuclear Nightmare,Adventure
2909110,Nuclear Nightmare,Indie
2909110,Nuclear Nightmare,Early Access
934700,Dead Island 2,Action
934700,Dead Island 2,Adventure
17470,Dead Space 2008,Action
17470,Dead Space 2008,Adventure
2918150,ONE PIECE Bounty Rush,Action
2918150,ONE PIECE Bounty Rush,Free To Play
611670,The Elder Scrolls V Skyrim VR,RPG
471710,Rec Room,Adventure
471710,Rec Room,Casual
471710,Rec Room,Massively Multiplayer
471710,Rec Room,Free To Play
2707490,Tower Factory,Action
2707490,Tower Factory,Indie
2707490,Tower Factory,Simulation
2707490,Tower Factory,Strategy
2707490,Tower Factory,Free To Play
2707490,Tower Factory,Early Access
16900,GROUND BRANCH,Action
16900,GROUND BRANCH,Indie
16900,GROUND BRANCH,Simulation
16900,GROUND BRANCH,Early Access
1385290,Pizza Slice,Casual
1385290,Pizza Slice,Indie
1385290,Pizza Slice,Simulation
1385290,Pizza Slice,Strategy
555950,Danganronpa Another Episode Ultra Despair Girls,Action
1629520,A Little to the Left,Casual
1629520,A Little to the Left,Indie
24010,Train Simulator Classic,Simulation
3747730,Legacy of Kain Defiance Remastered,Action
3747730,Legacy of Kain Defiance Remastered,Adventure
1295920,The Mortuary Assistant,Adventure
1295920,The Mortuary Assistant,Indie
1295920,The Mortuary Assistant,Simulation
1016920,Unrailed,Action
1016920,Unrailed,Casual
1016920,Unrailed,Indie
3417410,Storebound,Action
3417410,Storebound,Adventure
3417410,Storebound,Indie
3417410,Storebound,Early Access
613100,House Flipper,Action
613100,House Flipper,Adventure
613100,House Flipper,Casual
613100,House Flipper,Indie
613100,House Flipper,Massively Multiplayer
613100,House Flipper,Simulation
613100,House Flipper,Strategy
613100,House Flipper,Free To Play
3058630,Assetto Corsa EVO,Racing
3058630,Assetto Corsa EVO,Simulation
3058630,Assetto Corsa EVO,Sports
3058630,Assetto Corsa EVO,Early Access
1574240,Dread Delusion,Action
1574240,Dread Delusion,Adventure
1574240,Dread Delusion,Indie
1574240,Dread Delusion,RPG
552520,Far Cry 5,Action
552520,Far Cry 5,Adventure
3017860,DOOM The Dark Ages,Action
1969370,LEGO Party,Action
1969370,LEGO Party,Casual
1430190,Killing Floor 3,Action
489630,Warhammer 40000 Gladius  Relics of War,Strategy
313120,Stranded Deep,Adventure
313120,Stranded Deep,Indie
601510,YuGiOh Duel Links,Strategy
601510,YuGiOh Duel Links,Free To Play
1721110,Abyssus,Action
1721110,Abyssus,Adventure
1721110,Abyssus,Indie
1940340,Darkest Dungeon II,Indie
1940340,Darkest Dungeon II,RPG
1940340,Darkest Dungeon II,Strategy
2201940,Ship Graveyard Simulator 2,Action
2201940,Ship Graveyard Simulator 2,Adventure
2201940,Ship Graveyard Simulator 2,Casual
2201940,Ship Graveyard Simulator 2,Indie
2201940,Ship Graveyard Simulator 2,Simulation
1062520,Dinkum,Adventure
1062520,Dinkum,Casual
1062520,Dinkum,Indie
1062520,Dinkum,RPG
1062520,Dinkum,Simulation
824270,KovaaKs,Action
824270,KovaaKs,Indie
824270,KovaaKs,Simulation
3994610,Monster Lab Simulator,Casual
3994610,Monster Lab Simulator,Indie
3994610,Monster Lab Simulator,Simulation
3994610,Monster Lab Simulator,Strategy
3994610,Monster Lab Simulator,Early Access
632470,Disco Elysium  The Final Cut,RPG
1522160,Disney Epic Mickey Rebrushed,Action
1522160,Disney Epic Mickey Rebrushed,Adventure
1272080,PAYDAY 3,Action
1272080,PAYDAY 3,Adventure
1272080,PAYDAY 3,RPG
1538550,LEGO Voyagers,Adventure
1538550,LEGO Voyagers,Casual
262060,Darkest Dungeon,Indie
262060,Darkest Dungeon,RPG
262060,Darkest Dungeon,Strategy
509980,BIGFOOT,Action
509980,BIGFOOT,Adventure
509980,BIGFOOT,Indie
509980,BIGFOOT,Early Access
3825780,WonderKing,Massively Multiplayer
3825780,WonderKing,RPG
3825780,WonderKing,Free To Play
29720,Guild Wars Reforged,Action
29720,Guild Wars Reforged,Adventure
29720,Guild Wars Reforged,Massively Multiplayer
29720,Guild Wars Reforged,RPG
1469610,Last Train Home,Strategy
3430340,Dice A Million,Indie
3430340,Dice A Million,Strategy
1665460,eFootball,Simulation
1665460,eFootball,Sports
1665460,eFootball,Free To Play
3211850,Calyx,Strategy
3211850,Calyx,Early Access
3151380,Small Spaces,Casual
3151380,Small Spaces,Simulation
3151380,Small Spaces,Early Access
3314060,The Sims Legacy Collection,Casual
3314060,The Sims Legacy Collection,Simulation
2240620,UNBEATABLE,Adventure
10090,Call of Duty World at War,Action
3124340,Demeo x Dungeons  Dragons Battlemarked,Adventure
3124340,Demeo x Dungeons  Dragons Battlemarked,RPG
3124340,Demeo x Dungeons  Dragons Battlemarked,Strategy
3024040,Stronghold Crusader Definitive Edition,Simulation
3024040,Stronghold Crusader Definitive Edition,Strategy
469600,Legion TD 2  Multiplayer Tower Defense,Casual
469600,Legion TD 2  Multiplayer Tower Defense,Indie
469600,Legion TD 2  Multiplayer Tower Defense,Strategy
2947280,Solateria,Action
2947280,Solateria,Adventure
2947280,Solateria,Indie
1895900,1348 Ex Voto,Action
1895900,1348 Ex Voto,Adventure
1895900,1348 Ex Voto,Indie
1162750,Songs of Syx,Casual
1162750,Songs of Syx,Indie
1162750,Songs of Syx,Simulation
1162750,Songs of Syx,Strategy
1162750,Songs of Syx,Early Access
3400930,Guilty as Sock,Casual
3400930,Guilty as Sock,Simulation
2217000,Rivals of Aether II,Action
2217000,Rivals of Aether II,Indie
2680010,The First Berserker Khazan,Action
2680010,The First Berserker Khazan,Adventure
2680010,The First Berserker Khazan,RPG
2238470,Grimshire,Indie
2238470,Grimshire,RPG
2238470,Grimshire,Simulation
2238470,Grimshire,Early Access
1150690,OMORI,Adventure
1150690,OMORI,Indie
1150690,OMORI,RPG
1029690,Sniper Elite 5,Action
1029690,Sniper Elite 5,Adventure
1133760,CHRONO CROSS THE RADICAL DREAMERS EDITION,Adventure
1133760,CHRONO CROSS THE RADICAL DREAMERS EDITION,RPG
916440,Anno 1800,Simulation
916440,Anno 1800,Strategy
3551340,Football Manager 26,Simulation
3551340,Football Manager 26,Sports
3551340,Football Manager 26,Strategy
2844850,FANTASIAN Neo Dimension,RPG
1121640,The Wandering Village,Simulation
1121640,The Wandering Village,Strategy
2552440,KINGDOM HEARTS HD 28 Final Chapter Prologue,Action
2552440,KINGDOM HEARTS HD 28 Final Chapter Prologue,Adventure
2552440,KINGDOM HEARTS HD 28 Final Chapter Prologue,RPG
490110,The Precinct,Action
490110,The Precinct,Indie
490110,The Precinct,Simulation
1601580,Frostpunk 2,Simulation
1601580,Frostpunk 2,Strategy
1092790,Inscryption,Adventure
1092790,Inscryption,Indie
1092790,Inscryption,Strategy
1159690,Voidtrain,Action
1159690,Voidtrain,Adventure
1159690,Voidtrain,Indie
1159690,Voidtrain,RPG
1159690,Voidtrain,Simulation
2212330,Your Only Move Is HUSTLE,Action
2212330,Your Only Move Is HUSTLE,Indie
2212330,Your Only Move Is HUSTLE,Simulation
2212330,Your Only Move Is HUSTLE,Strategy
1443200,Class of 09,Casual
1443200,Class of 09,Indie
1443200,Class of 09,RPG
1443200,Class of 09,Simulation
1790930,Crisol Theater of Idols,Action
1790930,Crisol Theater of Idols,Adventure
3590,Plants vs Zombies GOTY Edition,Strategy
816340,Kingdom Rush Origins  Tower Defense,Indie
816340,Kingdom Rush Origins  Tower Defense,Strategy
1566200,Tape to Tape,Action
1566200,Tape to Tape,Sports
1566200,Tape to Tape,Early Access
3195790,White Knuckle,Early Access
236110,Dungeon Defenders II,Action
236110,Dungeon Defenders II,Indie
236110,Dungeon Defenders II,RPG
236110,Dungeon Defenders II,Strategy
236110,Dungeon Defenders II,Free To Play
289650,Assassins Creed Unity,Action
289650,Assassins Creed Unity,Adventure
239120,Final Fantasy III 3D Remake,RPG
1573360,Infinity Kingdom,Adventure
1573360,Infinity Kingdom,Free To Play
1573360,Infinity Kingdom,Massively Multiplayer
1573360,Infinity Kingdom,Strategy
558990,Opus Magnum,Indie
558990,Opus Magnum,Simulation
633230,NARUTO TO BORUTO SHINOBI STRIKER,Action
3642000,Space Warlord Baby Trading Simulator,Simulation
3008740,Winter Burrow,Adventure
3008740,Winter Burrow,Casual
3008740,Winter Burrow,Indie
3008740,Winter Burrow,Simulation
590830,sbox,Action
590830,sbox,Adventure
590830,sbox,Casual
590830,sbox,Indie
590830,sbox,Racing
590830,sbox,Simulation
590830,sbox,Sports
590830,sbox,Strategy
221680,Rocksmith 2014 Edition REMASTERED LEARN  PLAY,Casual
221680,Rocksmith 2014 Edition REMASTERED LEARN  PLAY,Simulation
386940,Ultimate Chicken Horse,Action
386940,Ultimate Chicken Horse,Casual
386940,Ultimate Chicken Horse,Indie
1874170,Shredders,Action
1874170,Shredders,Simulation
1874170,Shredders,Sports
1989270,Slay the Princess  The Pristine Cut,Adventure
1989270,Slay the Princess  The Pristine Cut,Indie
1989270,Slay the Princess  The Pristine Cut,RPG
1989270,Slay the Princess  The Pristine Cut,Simulation
2627260,NINJA GAIDEN 4,Action
2627260,NINJA GAIDEN 4,Adventure
2828860,The Forever Winter,Action
2828860,The Forever Winter,Early Access
1281220,Task Force Admiral  Vol1 American Carrier Battles,Action
1281220,Task Force Admiral  Vol1 American Carrier Battles,Simulation
1281220,Task Force Admiral  Vol1 American Carrier Battles,Strategy
1281220,Task Force Admiral  Vol1 American Carrier Battles,Early Access
2208920,Assassins Creed Valhalla,Action
2208920,Assassins Creed Valhalla,Adventure
2208920,Assassins Creed Valhalla,RPG
1151640,Horizon Zero Dawn Complete Edition,Action
1151640,Horizon Zero Dawn Complete Edition,Adventure
1151640,Horizon Zero Dawn Complete Edition,RPG
3654560,Plants vs Zombies Replanted,Strategy
233860,Kenshi,Action
233860,Kenshi,Indie
233860,Kenshi,RPG
233860,Kenshi,Simulation
233860,Kenshi,Strategy
1672970,Minecraft Dungeons,Action
1672970,Minecraft Dungeons,Adventure
1672970,Minecraft Dungeons,RPG
1677350,EA SPORTS PGA TOUR,RPG
1677350,EA SPORTS PGA TOUR,Sports
47810,Dragon Age Origins  Ultimate Edition,RPG
2407830,Trash Goblin,Casual
2407830,Trash Goblin,Simulation
1338490,AFTERBLAST,Action
1338490,AFTERBLAST,Indie
1338490,AFTERBLAST,Early Access
429050,Feed and Grow Fish,Action
429050,Feed and Grow Fish,Indie
429050,Feed and Grow Fish,Simulation
429050,Feed and Grow Fish,Early Access
851850,DRAGON BALL Z KAKAROT,Action
851850,DRAGON BALL Z KAKAROT,RPG
2384580,DYNASTY WARRIORS ORIGINS,Action
2384580,DYNASTY WARRIORS ORIGINS,RPG
2384580,DYNASTY WARRIORS ORIGINS,Strategy
3949290,Ys X Proud Nordics,Action
3949290,Ys X Proud Nordics,Adventure
3949290,Ys X Proud Nordics,RPG
32470,STAR WARS Empire at War  Gold Pack,Strategy
2569510,MLB Rivals,Sports
2569510,MLB Rivals,Free To Play
1084160,Jagged Alliance 3,Action
1084160,Jagged Alliance 3,Strategy
1258080,Shop Titans,Adventure
1258080,Shop Titans,Casual
1258080,Shop Titans,RPG
1258080,Shop Titans,Simulation
1258080,Shop Titans,Free To Play
19680,Alice Madness Returns,Action
19680,Alice Madness Returns,Adventure
1552350,The Jackbox Party Pack 8,Casual
1552350,The Jackbox Party Pack 8,Indie
1552350,The Jackbox Party Pack 8,Strategy
2658510,Animal Shelter 2,Adventure
2658510,Animal Shelter 2,Casual
2658510,Animal Shelter 2,Indie
2658510,Animal Shelter 2,Simulation
1032430,Blood Trail,Action
1032430,Blood Trail,Early Access
1961460,PROJECT PLAYTIME,Action
1961460,PROJECT PLAYTIME,Indie
1961460,PROJECT PLAYTIME,Free To Play
1961460,PROJECT PLAYTIME,Early Access
1941540,Mafia The Old Country,Action
1941540,Mafia The Old Country,Adventure
1887840,Another Crabs Treasure,Action
1887840,Another Crabs Treasure,Adventure
1887840,Another Crabs Treasure,Indie
2886620,Hive Blight,RPG
2886620,Hive Blight,Strategy
2886620,Hive Blight,Early Access
2904000,The Spell Brigade,Action
2904000,The Spell Brigade,Casual
2904000,The Spell Brigade,Indie
2904000,The Spell Brigade,Free To Play
933110,Age of Empires III Definitive Edition,Strategy
933110,Age of Empires III Definitive Edition,Free To Play
400,Portal,Action
2172010,Until Dawn,Adventure
393080,Call of Duty Modern Warfare Remastered 2017,Action
3716600,Mage Arena,Action
3716600,Mage Arena,Early Access
3525970,Horripilant,Casual
3525970,Horripilant,Indie
3525970,Horripilant,RPG
3525970,Horripilant,Simulation
1286990,CONSCRIPT Directors Cut,Action
1286990,CONSCRIPT Directors Cut,Adventure
1286990,CONSCRIPT Directors Cut,Indie
1049590,Eternal Return,nan
803330,Destroy All Humans,Action
803330,Destroy All Humans,Adventure
1450900,Desynced,Simulation
1450900,Desynced,Strategy
3179050,Piece by Piece,Casual
3179050,Piece by Piece,Indie
3179050,Piece by Piece,RPG
3179050,Piece by Piece,Simulation
1295500,Warhammer 40000 Battlesector,Strategy
2054970,Dragons Dogma 2,Action
2054970,Dragons Dogma 2,RPG
867210,Songs of Conquest,Adventure
867210,Songs of Conquest,RPG
867210,Songs of Conquest,Strategy
1954420,Riichi City  Date A Live,nan
288470,Fable Anniversary,RPG
2660460,Aviassembly,Simulation
2660460,Aviassembly,Early Access
1978590,Anger Foot,Action
1978590,Anger Foot,Indie
2131630,METAL GEAR SOLID  Master Collection Version,Action
2131640,METAL GEAR SOLID 2 Sons of Liberty  Master Collection Version,Action
2131650,METAL GEAR SOLID 3 Snake Eater  Master Collection Version,Action
2306740,METAL GEAR SOLID MASTER COLLECTION Vol1 BONUS CONTENT,Action
2997230,Planet of Lana II,Action
2997230,Planet of Lana II,Adventure
2997230,Planet of Lana II,Indie
8870,BioShock Infinite,Action
3373660,Look Outside,Adventure
3373660,Look Outside,RPG
2861590,Machine Mind,Action
2861590,Machine Mind,Adventure
2861590,Machine Mind,Indie
2861590,Machine Mind,Racing
2861590,Machine Mind,RPG
2861590,Machine Mind,Simulation
2861590,Machine Mind,Strategy
389730,TEKKEN 7,Action
389730,TEKKEN 7,Sports
774361,Blasphemous,Action
774361,Blasphemous,Adventure
774361,Blasphemous,Indie
2080690,Sunkenland,Action
2080690,Sunkenland,Indie
2080690,Sunkenland,Early Access
39150,FINAL FANTASY VIII,RPG
704850,Thief Simulator,Action
704850,Thief Simulator,Adventure
704850,Thief Simulator,Indie
704850,Thief Simulator,Simulation
1609230,Scarlet Hollow,Adventure
1609230,Scarlet Hollow,Casual
1609230,Scarlet Hollow,Indie
1609230,Scarlet Hollow,RPG
1609230,Scarlet Hollow,Early Access
2198510,New Cycle,Indie
2198510,New Cycle,Simulation
2198510,New Cycle,Strategy
2198510,New Cycle,Early Access
814000,ONE PIECE ODYSSEY,Action
814000,ONE PIECE ODYSSEY,Adventure
814000,ONE PIECE ODYSSEY,Casual
814000,ONE PIECE ODYSSEY,RPG
2069310,RealFlight Evolution,Indie
2069310,RealFlight Evolution,Racing
2069310,RealFlight Evolution,Simulation
1202200,Paleo Pines,Adventure
1202200,Paleo Pines,Casual
1202200,Paleo Pines,Indie
1202200,Paleo Pines,RPG
1202200,Paleo Pines,Simulation
2753970,MARVEL Cosmic Invasion,Action
2753970,MARVEL Cosmic Invasion,Adventure
2753970,MARVEL Cosmic Invasion,Casual
2753970,MARVEL Cosmic Invasion,Indie
1239080,Door Kickers 2 Task Force North,Action
1239080,Door Kickers 2 Task Force North,Indie
1239080,Door Kickers 2 Task Force North,Simulation
1239080,Door Kickers 2 Task Force North,Strategy
1302240,Labyrinthine,Action
1302240,Labyrinthine,Adventure
1302240,Labyrinthine,Indie
917950,Vellum,Action
917950,Vellum,Adventure
917950,Vellum,Indie
