name,review_score_pct,steam_official_genres
"The Jackbox Party Pack 3",100,Casual
"The Jackbox Party Pack 3",100,Indie
"The Jackbox Party Pack 3",100,Strategy
"STAR WARS Empire at War  Gold Pack",100,Strategy
"Funi Raccoon Game",99,Action
"Funi Raccoon Game",99,Adventure
"Funi Raccoon Game",99,Casual
"Funi Raccoon Game",99,Indie
"Creature Kitchen",99,Casual
"Creature Kitchen",99,Indie
"Creature Kitchen",99,Simulation
"Crab Champions",99,Action
"Crab Champions",99,Adventure
"Crab Champions",99,Casual
"Crab Champions",99,Indie
"Crab Champions",99,"Early Access"
"Sam  Max Beyond Time and Space",99,Adventure
"Sam  Max Beyond Time and Space",99,Indie
"Opus Magnum",99,Indie
"Opus Magnum",99,Simulation
"Stardew Valley",98,Indie
"Stardew Valley",98,RPG
"Stardew Valley",98,Simulation
DREDGE,98,Adventure
DREDGE,98,RPG
Subnautica,98,Adventure
Subnautica,98,Indie
"FINAL FANTASY",98,RPG
"Berry Bury Berry",98,Adventure
"Berry Bury Berry",98,Casual
"Berry Bury Berry",98,Indie
"Portal 2",98,Action
"Portal 2",98,Adventure
"Crime Scene Cleaner",98,Action
"Crime Scene Cleaner",98,Simulation
"VTOL VR",98,Action
"VTOL VR",98,Indie
"VTOL VR",98,Simulation
"Mr Sleepy Man",98,Adventure
"Mr Sleepy Man",98,Indie
"Skate Story",98,Action
"Skate Story",98,Adventure
"Skate Story",98,Indie
"Skate Story",98,RPG
"Skate Story",98,Sports
"Slime Rancher",98,Action
"Slime Rancher",98,Adventure
"Slime Rancher",98,Indie
"Slime Rancher",98,Simulation
"Space Warlord Baby Trading Simulator",98,Simulation
Portal,98,Action
"Look Outside",98,Adventure
"Look Outside",98,RPG
"Scarlet Hollow",98,Adventure
"Scarlet Hollow",98,Casual
"Scarlet Hollow",98,Indie
"Scarlet Hollow",98,RPG
"Scarlet Hollow",98,"Early Access"
"Slay the Spire 2",97,Indie
"Slay the Spire 2",97,Strategy
"Slay the Spire 2",97,"Early Access"
"BRAVELY DEFAULT FLYING FAIRY HD Remaster",97,RPG
"Resident Evil 2",97,Action
RimWorld,97,Indie
RimWorld,97,Simulation
RimWorld,97,Strategy
Factorio,97,Casual
Factorio,97,Indie
Factorio,97,Simulation
Factorio,97,Strategy
"Cult of the Lamb",97,Action
"Cult of the Lamb",97,Adventure
"Cult of the Lamb",97,Indie
"Cult of the Lamb",97,Strategy
"Garrys Mod",97,Casual
"Garrys Mod",97,Indie
"Garrys Mod",97,Simulation
"Left 4 Dead 2",97,Action
DELTARUNE,97,Indie
DELTARUNE,97,RPG
"Horsey Game",97,Indie
"Horsey Game",97,Simulation
"Sleeping Dogs Definitive Edition",97,Action
"Sleeping Dogs Definitive Edition",97,Adventure
"Sleeping Dogs Definitive Edition",97,Racing
"Fields of Mistria",97,Indie
"Fields of Mistria",97,RPG
"Fields of Mistria",97,Simulation
"Fields of Mistria",97,"Early Access"
"Goat Simulator 3",97,Adventure
"Goat Simulator 3",97,Casual
"Goat Simulator 3",97,Simulation
"FINAL FANTASY II",97,RPG
"Kerbal Space Program",97,Indie
"Kerbal Space Program",97,Simulation
"Wobbly Life",97,Action
"Wobbly Life",97,Adventure
"Wobbly Life",97,Casual
"Wobbly Life",97,Indie
"Wobbly Life",97,Simulation
"Keep Talking and Nobody Explodes",97,Indie
"People Playground",97,Action
"People Playground",97,Casual
"People Playground",97,Indie
"People Playground",97,Simulation
"Sam  Max Save the World",97,Adventure
"Sam  Max Save the World",97,Indie
Celeste,97,Action
Celeste,97,Adventure
Celeste,97,Indie
"Detroit Become Human",97,Action
"Detroit Become Human",97,Adventure
"Legacy of Kain Defiance Remastered",97,Action
"Legacy of Kain Defiance Remastered",97,Adventure
"Plants vs Zombies GOTY Edition",97,Strategy
"Kingdom Rush Origins  Tower Defense",97,Indie
"Kingdom Rush Origins  Tower Defense",97,Strategy
Aviassembly,97,Simulation
Aviassembly,97,"Early Access"
"Resident Evil Requiem",96,Action
"Resident Evil Requiem",96,Adventure
"Schedule I",96,Action
"Schedule I",96,Indie
"Schedule I",96,Simulation
"Schedule I",96,Strategy
"Schedule I",96,"Early Access"
Timberborn,96,Indie
Timberborn,96,Simulation
Timberborn,96,Strategy
Satisfactory,96,Adventure
Satisfactory,96,Indie
Satisfactory,96,Simulation
Satisfactory,96,Strategy
"Esoteric Ebb",96,Indie
"Esoteric Ebb",96,RPG
"Bloons TD 6",96,Strategy
BeamNGdrive,96,Racing
BeamNGdrive,96,Simulation
BeamNGdrive,96,"Early Access"
Terraria,96,Action
Terraria,96,Adventure
Terraria,96,Indie
Terraria,96,RPG
"The Planet Crafter",96,Adventure
"WorldBox  God Simulator",96,Indie
"WorldBox  God Simulator",96,Simulation
"WorldBox  God Simulator",96,"Early Access"
"It Takes Two",96,Action
"It Takes Two",96,Adventure
Balatro,96,Casual
Balatro,96,Indie
Balatro,96,Strategy
"Titanfall 2",96,Action
"Dungeon Defenders",96,Action
"Dungeon Defenders",96,Indie
"Dungeon Defenders",96,RPG
"Dungeon Defenders",96,Strategy
"Is This Seat Taken",96,Casual
"Is This Seat Taken",96,Indie
"FINAL FANTASY IX",96,RPG
"Totally Accurate Battle Simulator",96,Indie
"Totally Accurate Battle Simulator",96,Simulation
"Totally Accurate Battle Simulator",96,Strategy
Cuphead,96,Action
Cuphead,96,Indie
"STAR OCEAN THE SECOND STORY R",96,Action
"STAR OCEAN THE SECOND STORY R",96,RPG
"Lost and Found Co",96,Casual
"Lost and Found Co",96,Indie
"Relic Guardian  Tower Defense",96,Adventure
"Relic Guardian  Tower Defense",96,Casual
"Relic Guardian  Tower Defense",96,Indie
"Relic Guardian  Tower Defense",96,RPG
"Relic Guardian  Tower Defense",96,Strategy
"Hollow Knight",96,Action
"Hollow Knight",96,Adventure
"Hollow Knight",96,Indie
"Placid Plastic Duck Simulator",96,Casual
"Placid Plastic Duck Simulator",96,Simulation
"Marvels SpiderMan Remastered",96,Action
"Marvels SpiderMan Remastered",96,Adventure
"Marvels SpiderMan Remastered",96,Casual
"Tiny Glade",96,Casual
"Tiny Glade",96,Indie
"Tiny Glade",96,Simulation
MineMogul,96,Indie
MineMogul,96,Simulation
MineMogul,96,Strategy
MineMogul,96,"Early Access"
"Waterpark Simulator",96,Casual
"Waterpark Simulator",96,Indie
"Waterpark Simulator",96,Simulation
"Waterpark Simulator",96,"Early Access"
SpaceEngine,96,Casual
SpaceEngine,96,Indie
SpaceEngine,96,Simulation
SpaceEngine,96,"Early Access"
"From Glory To Goo",96,Simulation
"From Glory To Goo",96,Strategy
"From Glory To Goo",96,"Early Access"
"Little Nightmares",96,Adventure
Undertale,96,Indie
Undertale,96,RPG
"HalfLife Alyx",96,Action
"HalfLife Alyx",96,Adventure
"Automation  The Car Company Tycoon Game",96,Indie
"Automation  The Car Company Tycoon Game",96,Racing
"Automation  The Car Company Tycoon Game",96,Simulation
"Automation  The Car Company Tycoon Game",96,Strategy
"Automation  The Car Company Tycoon Game",96,"Early Access"
ROUNDS,96,Action
ROUNDS,96,Indie
Stray,96,Adventure
Stray,96,Indie
"PARANORMASIGHT The Seven Mysteries of Honjo",96,Adventure
"PARANORMASIGHT The Seven Mysteries of Honjo",96,RPG
"PARANORMASIGHT The Seven Mysteries of Honjo",96,Simulation
"Universe Sandbox",96,Casual
"Universe Sandbox",96,Indie
"Universe Sandbox",96,Simulation
"Universe Sandbox",96,"Early Access"
"Two Point Museum",96,Casual
"Two Point Museum",96,Indie
"Two Point Museum",96,Simulation
"Two Point Museum",96,Strategy
"Hamster Hunter",96,Action
"Hamster Hunter",96,Adventure
"Hamster Hunter",96,Casual
"Hamster Hunter",96,Indie
"Hamster Hunter",96,Simulation
"Oxygen Not Included",96,Indie
"Oxygen Not Included",96,Simulation
"Resident Evil 4 2005",96,Action
"Resident Evil 4 2005",96,Adventure
"Liftoff FPV Drone Racing",96,Indie
"Liftoff FPV Drone Racing",96,Racing
"Liftoff FPV Drone Racing",96,Simulation
"Liftoff FPV Drone Racing",96,Sports
KovaaKs,96,Action
KovaaKs,96,Indie
KovaaKs,96,Simulation
Grimshire,96,Indie
Grimshire,96,RPG
Grimshire,96,Simulation
Grimshire,96,"Early Access"
"Your Only Move Is HUSTLE",96,Action
"Your Only Move Is HUSTLE",96,Indie
"Your Only Move Is HUSTLE",96,Simulation
"Your Only Move Is HUSTLE",96,Strategy
"Door Kickers 2 Task Force North",96,Action
"Door Kickers 2 Task Force North",96,Indie
"Door Kickers 2 Task Force North",96,Simulation
"Door Kickers 2 Task Force North",96,Strategy
"Super Battle Golf",95,Casual
"Super Battle Golf",95,Indie
"Super Battle Golf",95,Sports
"Resident Evil 4",95,Action
"Resident Evil 4",95,Adventure
REPO,95,Action
REPO,95,"Early Access"
"Slay the Spire",95,Indie
"Slay the Spire",95,Strategy
"Lucid Blocks",95,Action
"Lucid Blocks",95,Adventure
"Lucid Blocks",95,Indie
"Lucid Blocks",95,RPG
"Poker Night at the Inventory",95,Casual
"Red Dead Redemption 2",95,Action
"Red Dead Redemption 2",95,Adventure
Palworld,95,Action
Palworld,95,Adventure
Palworld,95,Indie
Palworld,95,RPG
"The Elder Scrolls V Skyrim Special Edition",95,RPG
Dispatch,95,Action
Dispatch,95,Adventure
Dispatch,95,Casual
Dispatch,95,Indie
Dispatch,95,Strategy
"Tabletop Simulator",95,Casual
"Tabletop Simulator",95,Indie
"Tabletop Simulator",95,RPG
"Tabletop Simulator",95,Simulation
"Tabletop Simulator",95,Strategy
ULTRAKILL,95,Action
ULTRAKILL,95,Indie
ULTRAKILL,95,"Early Access"
"Split Fiction",95,Action
"Split Fiction",95,Adventure
"The Binding of Isaac Rebirth",95,Action
"FINAL FANTASY VI",95,RPG
"MX Bikes",95,Racing
"MX Bikes",95,Simulation
"MX Bikes",95,Sports
"MX Bikes",95,"Early Access"
"The Last of Us Part I",95,Action
"The Last of Us Part I",95,Adventure
"The Forest",95,Action
"The Forest",95,Adventure
"The Forest",95,Indie
"The Forest",95,Simulation
"Danganronpa Trigger Happy Havoc",95,Adventure
AETHUS,95,Adventure
AETHUS,95,Casual
AETHUS,95,Indie
AETHUS,95,Simulation
AETHUS,95,Strategy
"The Witcher 3 Wild Hunt",95,RPG
"Castle Crashers",95,Action
"Castle Crashers",95,Adventure
"Castle Crashers",95,Casual
"Castle Crashers",95,Indie
"Castle Crashers",95,RPG
"Town to City",95,Indie
"Town to City",95,Simulation
"Town to City",95,Strategy
Pluto,95,Indie
Pluto,95,Strategy
"Call of Duty Modern Warfare 2 2009",95,Action
"God of War",95,Action
"God of War",95,Adventure
"God of War",95,RPG
"Euro Truck Simulator 2",95,Indie
"Euro Truck Simulator 2",95,Simulation
"Vampire Survivors",95,Action
"Vampire Survivors",95,Casual
"Vampire Survivors",95,Indie
"Vampire Survivors",95,RPG
"WolfQuest Anniversary Edition",95,Action
"WolfQuest Anniversary Edition",95,RPG
"WolfQuest Anniversary Edition",95,Simulation
"Escape from Ever After",95,Adventure
"Escape from Ever After",95,Indie
"Escape from Ever After",95,RPG
"Tiny Bookshop",95,Casual
"Tiny Bookshop",95,Indie
"Tiny Bookshop",95,RPG
"Tiny Bookshop",95,Simulation
"Batman Arkham Knight",95,Action
"Batman Arkham Knight",95,Adventure
"Farming Simulator 22",95,Simulation
"War of Rights",95,Action
"War of Rights",95,Indie
"War of Rights",95,"Massively Multiplayer"
"War of Rights",95,Simulation
"War of Rights",95,Strategy
"War of Rights",95,"Early Access"
"Lobotomy Corporation  Monster Management Simulation",95,Indie
"Lobotomy Corporation  Monster Management Simulation",95,Simulation
"Left 4 Dead",95,Action
"Persona 3 Reload",95,Adventure
"Persona 3 Reload",95,RPG
"Persona 3 Reload",95,Strategy
"Brick Rigs",95,Simulation
Bladesong,95,Indie
Bladesong,95,RPG
Bladesong,95,Simulation
Bladesong,95,"Early Access"
"The Case of the Golden Idol",95,Adventure
"The Case of the Golden Idol",95,Indie
"Contraband Police",95,Action
"Contraband Police",95,Adventure
"Contraband Police",95,Simulation
"The Jackbox Party Pack 6",95,Casual
"The Jackbox Party Pack 6",95,Indie
"The Jackbox Party Pack 6",95,Strategy
Unrailed,95,Action
Unrailed,95,Casual
Unrailed,95,Indie
UNBEATABLE,95,Adventure
OMORI,95,Adventure
OMORI,95,Indie
OMORI,95,RPG
"Ultimate Chicken Horse",95,Action
"Ultimate Chicken Horse",95,Casual
"Ultimate Chicken Horse",95,Indie
Kenshi,95,Action
Kenshi,95,Indie
Kenshi,95,RPG
Kenshi,95,Simulation
Kenshi,95,Strategy
